Combined Molecule,Form (TLC3),Brand/Generic,Manufacturer,Product Sum,NDC,Product,Prod Form1,Prod Form2,Prod Form3,Strength,Pack,Pack Quantity,Pack Size,Repackage,Delivery System 2,Delivery System 3,Form (TLC1),Form (TLC2),USC3,ATC4,2013_Sales $,2014_Sales $,2015_Sales $,2016_Sales $,2017_Sales $,2018_Sales $,2019_Sales $,2013_Units,2014_Units,2015_Units,2016_Units,2017_Units,2018_Units,2019_Units,2013_NSP Ext. Units,2014_NSP Ext. Units,2015_NSP Ext. Units,2016_NSP Ext. Units,2017_NSP Ext. Units,2018_NSP Ext. Units,2019_NSP Ext. Units
8-QUINOLINOL,MA- DERMATOLOGICAL OINTMENT,OTHER,DAIRY ASSOCIATION,BAG BALM,98193000100 OINT .3% 300GMX12,BAG BALM 02/1999 DAA,D DERMATOLOGICALS,DD DERMATOLOGICALS,"DDO DERM,OINTMENT",0.3%,OINT .3% 300GM,300,1,Repack,DELSYS NOT APPLICABLE,DELSYS NOT APPLICABLE,M TOPICAL DERMATOLOGICALS,MA DERMATOLOGICAL OINTMENT,37300 ANTIPRURITICS,D02A0 EMOLLIENTS & PROTECTIVES,"$242,218","$19,910",$12,,,,,"55,689","4,424",3,,,,,"16,706,700","1,327,200",900,,,,
8-QUINOLINOL,MA- DERMATOLOGICAL OINTMENT,OTHER,DARTMOUTH PHARM,ELON,58869010101 OINT 7.5GM,ELON 02/1998 DTU,D DERMATOLOGICALS,DD DERMATOLOGICALS,"DDO DERM,OINTMENT",N/A,OINT 7.5GM,7.5,1,Orig Manf,DELSYS NOT APPLICABLE,DELSYS NOT APPLICABLE,M TOPICAL DERMATOLOGICALS,MA DERMATOLOGICAL OINTMENT,37300 ANTIPRURITICS,D02A0 EMOLLIENTS & PROTECTIVES,$230,$497,$439,$428,$109,,,23,49,39,37,9,,,173,368,293,278,68,,
8-QUINOLINOL,MA- DERMATOLOGICAL OINTMENT,OTHER,DARTMOUTH PHARM,ELON,58869010103 OINT 10GM,ELON 02/1998 DTU,D DERMATOLOGICALS,DD DERMATOLOGICALS,"DDO DERM,OINTMENT",N/A,OINT 10GM,10,1,Orig Manf,DELSYS NOT APPLICABLE,DELSYS NOT APPLICABLE,M TOPICAL DERMATOLOGICALS,MA DERMATOLOGICAL OINTMENT,37300 ANTIPRURITICS,D02A0 EMOLLIENTS & PROTECTIVES,$100,$20,,,,,,10,2,,,,,,100,20,,,,,
8-QUINOLINOL,MA- DERMATOLOGICAL OINTMENT,OTHER,SUMMIT LAB,LANTISEPTIC,12090000901 OINT STR UNSP 420GM,LANTISEPTIC 04/1992 S3M,D DERMATOLOGICALS,DD DERMATOLOGICALS,"DDO DERM,OINTMENT",STR UNSP,OINT STR UNSP 420GM,420,1,Orig Manf,DELSYS NOT APPLICABLE,DELSYS NOT APPLICABLE,M TOPICAL DERMATOLOGICALS,MA DERMATOLOGICAL OINTMENT,37300 ANTIPRURITICS,D02A0 EMOLLIENTS & PROTECTIVES,"$25,723","$36,899","$26,509","$11,867","$14,176","$24,983",$103,"3,226","4,431","3,025","1,208","1,486","2,633",10,"1,354,920","1,861,020","1,270,500","507,360","624,120","1,105,860","4,200"
8-QUINOLINOL,MA- DERMATOLOGICAL OINTMENT,OTHER,SUMMIT LAB,LANTISEPTIC,12090000902 OINT STR UNSP 130GM,LANTISEPTIC 04/1992 S3M,D DERMATOLOGICALS,DD DERMATOLOGICALS,"DDO DERM,OINTMENT",STR UNSP,OINT STR UNSP 130GM,130,1,Orig Manf,DELSYS NOT APPLICABLE,DELSYS NOT APPLICABLE,M TOPICAL DERMATOLOGICALS,MA DERMATOLOGICAL OINTMENT,37300 ANTIPRURITICS,D02A0 EMOLLIENTS & PROTECTIVES,"$42,197","$15,530",$280,$10,$10,$3,,"13,404","4,876",89,5,6,1,,"1,742,520","633,880","11,570",650,780,130,
8-QUINOLINOL,MA- DERMATOLOGICAL OINTMENT,OTHER,SUMMIT LAB,LANTISEPTIC,12090000905 OINT STR UNSP 113GM,LANTISEPTIC 04/1992 S3M,D DERMATOLOGICALS,DD DERMATOLOGICALS,"DDO DERM,OINTMENT",STR UNSP,OINT STR UNSP 113GM,113,1,Orig Manf,DELSYS NOT APPLICABLE,DELSYS NOT APPLICABLE,M TOPICAL DERMATOLOGICALS,MA DERMATOLOGICAL OINTMENT,37300 ANTIPRURITICS,D02A0 EMOLLIENTS & PROTECTIVES,"$4,565","$6,407","$7,571","$26,413","$17,495","$22,732","$12,435","1,128","1,626","1,938","6,124","4,000","5,208","2,844","127,464","183,738","218,994","692,012","452,000","588,504","321,372"
8-QUINOLINOL,MA- DERMATOLOGICAL OINTMENT,OTHER,SUMMIT LAB,LANTISEPTIC,12090001903 OINT 50% 113GM,LANTISEPTIC 04/1992 S3M,D DERMATOLOGICALS,DD DERMATOLOGICALS,"DDO DERM,OINTMENT",50%,OINT 50% 113GM,113,1,Orig Manf,DELSYS NOT APPLICABLE,DELSYS NOT APPLICABLE,M TOPICAL DERMATOLOGICALS,MA DERMATOLOGICAL OINTMENT,37300 ANTIPRURITICS,D02A0 EMOLLIENTS & PROTECTIVES,$81,$414,"$1,003",$913,"$9,797","$26,722","$8,111",20,108,235,191,"2,283","6,505","1,688","2,260","12,204","26,555","21,583","257,979","735,065","190,744"
8-QUINOLINOL,MA- DERMATOLOGICAL OINTMENT,OTHER,SUMMIT LAB,LANTISEPTIC,12090001904 OINT 50% 130GM,LANTISEPTIC 04/1992 S3M,D DERMATOLOGICALS,DD DERMATOLOGICALS,"DDO DERM,OINTMENT",50%,OINT 50% 130GM,130,1,Orig Manf,DELSYS NOT APPLICABLE,DELSYS NOT APPLICABLE,M TOPICAL DERMATOLOGICALS,MA DERMATOLOGICAL OINTMENT,37300 ANTIPRURITICS,D02A0 EMOLLIENTS & PROTECTIVES,"$15,058","$64,312","$79,365","$82,004","$87,433","$85,492","$11,472","4,794","20,224","24,780","22,166","21,076","20,140","2,695","623,220","2,629,120","3,221,400","2,881,580","2,739,880","2,618,200","350,350"
8-QUINOLINOL,MA- DERMATOLOGICAL OINTMENT,OTHER,SUMMIT LAB,LANTISEPTIC,12090001905 OINT 50% 400GM,LANTISEPTIC 04/1992 S3M,D DERMATOLOGICALS,DD DERMATOLOGICALS,"DDO DERM,OINTMENT",50%,OINT 50% 400GM,400,1,Orig Manf,DELSYS NOT APPLICABLE,DELSYS NOT APPLICABLE,M TOPICAL DERMATOLOGICALS,MA DERMATOLOGICAL OINTMENT,37300 ANTIPRURITICS,D02A0 EMOLLIENTS & PROTECTIVES,"$109,200","$194,453","$215,109","$211,371",$30,,,"14,611","25,474","28,223","26,205",3,,,"5,844,400","10,189,600","11,289,200","10,482,000","1,200",,
ABACAVIR!LAMIVUDINE,ACA TABS COATED REGULAR ORD,BRAND,VIIV HEALTHCARE,EPZICOM,49702020613 TAB FC 600-300MG 30,EPZICOM 08/2004 VII,O ORALS,"OS ORALS,SOLID","OSR ORALS,SOL,TAB/CAP RE",600-300MG,TAB FC 600-300MG 30,30,1,Orig Manf,DELSYS NOT APPLICABLE,DELSYS NOT APPLICABLE,A SYSTEMIC ORAL SOLID REG,AC TABS COATED REGULAR,82100 HIV ANTIVIRALS,J05C1 NUCLEOS/T REV.TR.INH,"$358,232,730","$602,242,380","$516,533,104","$348,612,166","$53,793,758","$24,400,399","$5,175,120","392,533","619,154","501,834","320,542","55,457","25,785","5,182","11,775,990","18,574,620","15,055,020","9,616,260","1,663,710","773,550","155,460"
ABACAVIR!LAMIVUDINE,ACA TABS COATED REGULAR ORD,GENERIC,AUROBINDO PHARM,ABACAVIR/LAMIVUDINE,65862090030 TAB FC 600-300MG 30,ABACAVIR/LAMIVUDINE 03/2017 AOB,O ORALS,"OS ORALS,SOLID","OSR ORALS,SOL,TAB/CAP RE",600-300MG,TAB FC 600-300MG 30,30,1,Orig Manf,DELSYS NOT APPLICABLE,DELSYS NOT APPLICABLE,A SYSTEMIC ORAL SOLID REG,AC TABS COATED REGULAR,82100 HIV ANTIVIRALS,J05C1 NUCLEOS/T REV.TR.INH,,,,,"$1,195,291","$1,400,693","$400,302",,,,,"23,088","30,136","8,190",,,,,"692,640","904,080","245,700"
ABACAVIR!LAMIVUDINE,ACA TABS COATED REGULAR ORD,GENERIC,BUREL PHARMA,ABACAVIR/LAMIVUDINE,35573040230 TAB FC 600-300MG 30,ABACAVIR/LAMIVUDINE 12/2018 B8U,O ORALS,"OS ORALS,SOLID","OSR ORALS,SOL,TAB/CAP RE",600-300MG,TAB FC 600-300MG 30,30,1,Orig Manf,DELSYS NOT APPLICABLE,DELSYS NOT APPLICABLE,A SYSTEMIC ORAL SOLID REG,AC TABS COATED REGULAR,82100 HIV ANTIVIRALS,J05C1 NUCLEOS/T REV.TR.INH,,,,,,$193,"$1,103,807",,,,,,1,"10,134",,,,,,30,"304,020"
ABACAVIR!LAMIVUDINE,ACA TABS COATED REGULAR ORD,GENERIC,"CIPLA USA, INC.",ABACAVIR/LAMIVUDINE,69097036202 TAB FC 600-300MG 30,ABACAVIR/LAMIVUDINE 04/2017 CPL,O ORALS,"OS ORALS,SOLID","OSR ORALS,SOL,TAB/CAP RE",600-300MG,TAB FC 600-300MG 30,30,1,Orig Manf,DELSYS NOT APPLICABLE,DELSYS NOT APPLICABLE,A SYSTEMIC ORAL SOLID REG,AC TABS COATED REGULAR,82100 HIV ANTIVIRALS,J05C1 NUCLEOS/T REV.TR.INH,,,,,"$2,726,602","$3,363,829","$690,539",,,,,"24,806","35,876","9,429",,,,,"744,180","1,076,280","282,870"
ABACAVIR!LAMIVUDINE,ACA TABS COATED REGULAR ORD,GENERIC,LUPIN PHARMA,ABACAVIR/LAMIVUDINE,68180028806 TAB FC 600-300MG 30,ABACAVIR/LAMIVUDINE 03/2017 LU.,O ORALS,"OS ORALS,SOLID","OSR ORALS,SOL,TAB/CAP RE",600-300MG,TAB FC 600-300MG 30,30,1,Orig Manf,DELSYS NOT APPLICABLE,DELSYS NOT APPLICABLE,A SYSTEMIC ORAL SOLID REG,AC TABS COATED REGULAR,82100 HIV ANTIVIRALS,J05C1 NUCLEOS/T REV.TR.INH,,,,,"$6,046,743","$5,189,604","$1,924,353",,,,,"37,109","33,242","10,021",,,,,"1,113,270","997,260","300,630"
ABACAVIR!LAMIVUDINE,ACA TABS COATED REGULAR ORD,GENERIC,PRASCO LABS,ABACAVIR/LAMIVUDINE,66993048230 TAB FC 600-300MG 30,ABACAVIR/LAMIVUDINE 10/2016 P6S,O ORALS,"OS ORALS,SOLID","OSR ORALS,SOL,TAB/CAP RE",600-300MG,TAB FC 600-300MG 30,30,1,Orig Manf,DELSYS NOT APPLICABLE,DELSYS NOT APPLICABLE,A SYSTEMIC ORAL SOLID REG,AC TABS COATED REGULAR,82100 HIV ANTIVIRALS,J05C1 NUCLEOS/T REV.TR.INH,,,,"$13,646,999","$17,290,268","$4,185,430","$199,317",,,,"23,042","71,116","50,929","2,299",,,,"691,260","2,133,480","1,527,870","68,970"
ABACAVIR!LAMIVUDINE,ACA TABS COATED REGULAR ORD,GENERIC,TEVA PHARMACEUTICA,ABACAVIR/LAMIVUDINE,00093538256 TAB FC 600-300MG 30,ABACAVIR/LAMIVUDINE 10/2016 TEV,O ORALS,"OS ORALS,SOLID","OSR ORALS,SOL,TAB/CAP RE",600-300MG,TAB FC 600-300MG 30,30,1,Orig Manf,DELSYS NOT APPLICABLE,DELSYS NOT APPLICABLE,A SYSTEMIC ORAL SOLID REG,AC TABS COATED REGULAR,82100 HIV ANTIVIRALS,J05C1 NUCLEOS/T REV.TR.INH,,,,"$18,548,773","$23,475,789","$2,314,142","$628,604",,,,"24,941","49,641","13,166","4,265",,,,"748,230","1,489,230","394,980","127,950"
ACEBUTOLOL,AAA CAPS REGULAR ORDINARY,BRAND,PROMIUS PHARMA,SECTRAL,67857070001 CAP 200MG 100,SECTRAL 03/1985 P4M,O ORALS,"OS ORALS,SOLID","OSR ORALS,SOL,TAB/CAP RE",200MG,CAP 200MG 100,100,1,Orig Manf,DELSYS NOT APPLICABLE,DELSYS NOT APPLICABLE,A SYSTEMIC ORAL SOLID REG,AA CAPS REGULAR,31400 ADRENERGIC BLOCKER,"C07A0 B-BLOCKING AGENTS,PLAIN","$364,828","$567,247","$428,463","$48,702",,"$1,355",,"1,079","1,680","1,297",141,,4,,"107,900","168,000","129,700","14,100",,400,
ACEBUTOLOL,AAA CAPS REGULAR ORDINARY,BRAND,PROMIUS PHARMA,SECTRAL,67857070001 CAP 200MG 100,SECTRAL 03/1985 P4M,O ORALS,"OS ORALS,SOLID","OSR ORALS,SOL,TAB/CAP RE",200MG,CAP 200MG 30,30,1,Repack,DELSYS NOT APPLICABLE,DELSYS NOT APPLICABLE,A SYSTEMIC ORAL SOLID REG,AA CAPS REGULAR,31400 ADRENERGIC BLOCKER,"C07A0 B-BLOCKING AGENTS,PLAIN",,,,$610,,,,,,,35,,,,,,,"1,050",,,
ACEBUTOLOL,AAA CAPS REGULAR ORDINARY,BRAND,PROMIUS PHARMA,SECTRAL,67857070101 CAP 400MG 100,SECTRAL 03/1985 P4M,O ORALS,"OS ORALS,SOLID","OSR ORALS,SOL,TAB/CAP RE",400MG,CAP 400MG 100,100,1,Orig Manf,DELSYS NOT APPLICABLE,DELSYS NOT APPLICABLE,A SYSTEMIC ORAL SOLID REG,AA CAPS REGULAR,31400 ADRENERGIC BLOCKER,"C07A0 B-BLOCKING AGENTS,PLAIN","$93,148","$20,582","$8,374","$6,011","$3,565","$1,294",,202,45,18,13,8,3,,"20,200","4,500","1,800","1,300",800,300,
ACEBUTOLOL,AAA CAPS REGULAR ORDINARY,GENERIC,AMNEAL PHARM,ACEBUTOLOL HCL,53746066901 CAP 200MG 100,ACEBUTOLOL HCL 03/2009 AM9,O ORALS,"OS ORALS,SOLID","OSR ORALS,SOL,TAB/CAP RE",200MG,CAP 200MG 100,100,1,Orig Manf,DELSYS NOT APPLICABLE,DELSYS NOT APPLICABLE,A SYSTEMIC ORAL SOLID REG,AA CAPS REGULAR,31400 ADRENERGIC BLOCKER,"C07A0 B-BLOCKING AGENTS,PLAIN","$979,779","$1,335,102","$1,386,002","$1,422,470","$1,235,786","$1,544,211","$1,730,075","64,913","95,124","94,460","91,449","82,234","79,131","44,408","6,491,300","9,512,400","9,446,000","9,144,900","8,223,400","7,913,100","4,440,800"
ACEBUTOLOL,AAA CAPS REGULAR ORDINARY,GENERIC,AMNEAL PHARM,ACEBUTOLOL HCL,53746067001 CAP 400MG 100,ACEBUTOLOL HCL 03/2009 AM9,O ORALS,"OS ORALS,SOLID","OSR ORALS,SOL,TAB/CAP RE",400MG,CAP 400MG 100,100,1,Orig Manf,DELSYS NOT APPLICABLE,DELSYS NOT APPLICABLE,A SYSTEMIC ORAL SOLID REG,AA CAPS REGULAR,31400 ADRENERGIC BLOCKER,"C07A0 B-BLOCKING AGENTS,PLAIN","$493,847","$641,817","$683,806","$609,152","$521,536","$578,269","$635,882","23,187","33,510","33,459","27,729","24,923","22,596","12,113","2,318,700","3,351,000","3,345,900","2,772,900","2,492,300","2,259,600","1,211,300"
ACEBUTOLOL,AAA CAPS REGULAR ORDINARY,GENERIC,AV KARE INC,ACEBUTOLOL HCL,42291010190 CAP 200MG 90,ACEBUTOLOL HCL 05/2011 AVK,O ORALS,"OS ORALS,SOLID","OSR ORALS,SOL,TAB/CAP RE",200MG,CAP 200MG 90,90,1,Orig Manf,DELSYS NOT APPLICABLE,DELSYS NOT APPLICABLE,A SYSTEMIC ORAL SOLID REG,AA CAPS REGULAR,31400 ADRENERGIC BLOCKER,"C07A0 B-BLOCKING AGENTS,PLAIN",,,$213,$47,"$1,599","$1,592","$2,314",,,7,1,35,52,76,,,630,90,"3,150","4,680","6,840"
ACEBUTOLOL,AAA CAPS REGULAR ORDINARY,GENERIC,AV KARE INC,ACEBUTOLOL HCL,42291010290 CAP 400MG 90,ACEBUTOLOL HCL 05/2011 AVK,O ORALS,"OS ORALS,SOLID","OSR ORALS,SOL,TAB/CAP RE",400MG,CAP 400MG 90,90,1,Orig Manf,DELSYS NOT APPLICABLE,DELSYS NOT APPLICABLE,A SYSTEMIC ORAL SOLID REG,AA CAPS REGULAR,31400 ADRENERGIC BLOCKER,"C07A0 B-BLOCKING AGENTS,PLAIN",$762,,,,$460,$567,,9,,,,5,8,,810,,,,450,720,
ACEBUTOLOL,AAA CAPS REGULAR ORDINARY,GENERIC,AVPAK,ACEBUTOLOL HCL,50268005015 CAP 200MG 50UD,ACEBUTOLOL HCL 05/2011 A8K,O ORALS,"OS ORALS,SOLID","OSR ORALS,SOL,TAB/CAP RE",200MG,CAP 200MG 50UD,50,1,Orig Manf,DELSYS NOT APPLICABLE,DELSYS NOT APPLICABLE,A SYSTEMIC ORAL SOLID REG,AA CAPS REGULAR,31400 ADRENERGIC BLOCKER,"C07A0 B-BLOCKING AGENTS,PLAIN","$16,191","$27,526","$25,416","$24,520","$31,980","$31,601","$19,665",593,"1,039",995,"1,004","1,200","1,232",779,"29,650","51,950","49,750","50,200","60,000","61,600","38,950"
ACEBUTOLOL,AAA CAPS REGULAR ORDINARY,GENERIC,AVPAK,ACEBUTOLOL HCL,50268005115 CAP 400MG 50UD,ACEBUTOLOL HCL 05/2011 A8K,O ORALS,"OS ORALS,SOLID","OSR ORALS,SOL,TAB/CAP RE",400MG,CAP 400MG 50UD,50,1,Orig Manf,DELSYS NOT APPLICABLE,DELSYS NOT APPLICABLE,A SYSTEMIC ORAL SOLID REG,AA CAPS REGULAR,31400 ADRENERGIC BLOCKER,"C07A0 B-BLOCKING AGENTS,PLAIN",$726,"$1,479",$754,,,,,16,30,15,,,,,800,"1,500",750,,,,
ACEBUTOLOL,AAA CAPS REGULAR ORDINARY,GENERIC,MARLEX PHARM,ACEBUTOLOL HCL,10135063001 CAP 200MG 100,ACEBUTOLOL HCL 02/2018 MXH,O ORALS,"OS ORALS,SOLID","OSR ORALS,SOL,TAB/CAP RE",200MG,CAP 200MG 100,100,1,Orig Manf,DELSYS NOT APPLICABLE,DELSYS NOT APPLICABLE,A SYSTEMIC ORAL SOLID REG,AA CAPS REGULAR,31400 ADRENERGIC BLOCKER,"C07A0 B-BLOCKING AGENTS,PLAIN",,,,,,"$1,671",$641,,,,,,73,24,,,,,,"7,300","2,400"
ACEBUTOLOL,AAA CAPS REGULAR ORDINARY,GENERIC,MARLEX PHARM,ACEBUTOLOL HCL,10135063101 CAP 400MG 100,ACEBUTOLOL HCL 02/2018 MXH,O ORALS,"OS ORALS,SOLID","OSR ORALS,SOL,TAB/CAP RE",400MG,CAP 400MG 100,100,1,Orig Manf,DELSYS NOT APPLICABLE,DELSYS NOT APPLICABLE,A SYSTEMIC ORAL SOLID REG,AA CAPS REGULAR,31400 ADRENERGIC BLOCKER,"C07A0 B-BLOCKING AGENTS,PLAIN",,,,,,$842,"$1,313",,,,,,26,37,,,,,,"2,600","3,700"
ACEBUTOLOL,AAA CAPS REGULAR ORDINARY,GENERIC,MYLAN,ACEBUTOLOL HCL,00378120001 CAP 200MG 100,ACEBUTOLOL HCL 05/1995 MYN,O ORALS,"OS ORALS,SOLID","OSR ORALS,SOL,TAB/CAP RE",200MG,CAP 200MG 100,100,1,Orig Manf,DELSYS NOT APPLICABLE,DELSYS NOT APPLICABLE,A SYSTEMIC ORAL SOLID REG,AA CAPS REGULAR,31400 ADRENERGIC BLOCKER,"C07A0 B-BLOCKING AGENTS,PLAIN","$860,279","$1,362,767","$1,442,993","$1,260,559","$1,233,426","$1,021,981","$5,520","55,002","78,145","79,116","71,897","68,382","57,176",293,"5,500,200","7,814,500","7,911,600","7,189,700","6,838,200","5,717,600","29,300"
ACEBUTOLOL,AAA CAPS REGULAR ORDINARY,GENERIC,MYLAN,ACEBUTOLOL HCL,00378140001 CAP 400MG 100,ACEBUTOLOL HCL 05/1995 MYN,O ORALS,"OS ORALS,SOLID","OSR ORALS,SOL,TAB/CAP RE",400MG,CAP 400MG 100,100,1,Orig Manf,DELSYS NOT APPLICABLE,DELSYS NOT APPLICABLE,A SYSTEMIC ORAL SOLID REG,AA CAPS REGULAR,31400 ADRENERGIC BLOCKER,"C07A0 B-BLOCKING AGENTS,PLAIN","$462,471","$658,266","$593,052","$558,128","$503,233","$425,159","$4,012","17,203","23,782","21,256","21,671","18,710","16,279",134,"1,720,300","2,378,200","2,125,600","2,167,100","1,871,000","1,627,900","13,400"
ACETAMINOPHEN!BUTALBITAL!CAFFEINE,AAA CAPS REGULAR ORDINARY,BRANDED GENERIC,ALLERGAN,ESGIC-PLUS,00456067901 CAP 500-40-50MG 100,ESGIC-PLUS 11/1989 ALL,O ORALS,"OS ORALS,SOLID","OSR ORALS,SOL,TAB/CAP RE",500-40-50MG,CAP 500-40-50MG 100,100,1,Orig Manf,DELSYS NOT APPLICABLE,DELSYS NOT APPLICABLE,A SYSTEMIC ORAL SOLID REG,AA CAPS REGULAR,02100 ANALG NON-NARCOTIC,N02B0 NON-NARCOTIC ANALGESICS,"$96,961","$4,961",,,,,,652,34,,,,,,"65,200","3,400",,,,,
ACETAMINOPHEN!BUTALBITAL!CAFFEINE,AAA CAPS REGULAR ORDINARY,BRANDED GENERIC,BAUSCH HEALTH,ORBIVAN,00095702901 CAP 50-300-40MG 100,ORBIVAN 06/2010 B.U,O ORALS,"OS ORALS,SOLID","OSR ORALS,SOL,TAB/CAP RE",50-300-40MG,CAP 50-300-40MG 100,100,1,Orig Manf,DELSYS NOT APPLICABLE,DELSYS NOT APPLICABLE,A SYSTEMIC ORAL SOLID REG,AA CAPS REGULAR,02100 ANALG NON-NARCOTIC,N02B0 NON-NARCOTIC ANALGESICS,"$58,908",$304,,,,,,312,2,,,,,,"31,200",200,,,,,
ACETAMINOPHEN!BUTALBITAL!CAFFEINE,AAA CAPS REGULAR ORDINARY,BRANDED GENERIC,BLANSETT,ANOLOR 300,51674000901 CAP 325-40-50MG 100,ANOLOR 300 05/1989 B4T,O ORALS,"OS ORALS,SOLID","OSR ORALS,SOL,TAB/CAP RE",325-40-50MG,CAP 325-40-50MG 100,100,1,Orig Manf,DELSYS NOT APPLICABLE,DELSYS NOT APPLICABLE,A SYSTEMIC ORAL SOLID REG,AA CAPS REGULAR,02100 ANALG NON-NARCOTIC,N02B0 NON-NARCOTIC ANALGESICS,,$69,,,,,,,7,,,,,,,700,,,,,
ACETAMINOPHEN!BUTALBITAL!CAFFEINE,AAA CAPS REGULAR ORDINARY,BRANDED GENERIC,MAGNA PHARM,CAPACET,58407053401 CAP 50-325-40 100,CAPACET 05/2011 MNP,O ORALS,"OS ORALS,SOLID","OSR ORALS,SOL,TAB/CAP RE",50-325-40,CAP 50-325-40 100,100,1,Orig Manf,DELSYS NOT APPLICABLE,DELSYS NOT APPLICABLE,A SYSTEMIC ORAL SOLID REG,AA CAPS REGULAR,02100 ANALG NON-NARCOTIC,N02B0 NON-NARCOTIC ANALGESICS,"$24,406","$200,927","$207,128","$150,603","$17,412",$7,,"1,250","8,427","6,111","1,991",203,1,,"125,000","842,700","611,100","199,100","20,300",100,
ACETAMINOPHEN!BUTALBITAL!CAFFEINE,AAA CAPS REGULAR ORDINARY,BRANDED GENERIC,MARNEL PHARM,MARGESIC,00682080401 CAP 325-40-50MG 100,MARGESIC 11/1987 MRE,O ORALS,"OS ORALS,SOLID","OSR ORALS,SOL,TAB/CAP RE",325-40-50MG,CAP 325-40-50MG 100,100,1,Orig Manf,DELSYS NOT APPLICABLE,DELSYS NOT APPLICABLE,A SYSTEMIC ORAL SOLID REG,AA CAPS REGULAR,02100 ANALG NON-NARCOTIC,N02B0 NON-NARCOTIC ANALGESICS,"$43,718","$92,590","$199,778","$158,045","$1,604",,,"1,202","2,104","2,420","2,189",16,,,"120,200","210,400","242,000","218,900","1,600",,
ACETAMINOPHEN!BUTALBITAL!CAFFEINE,AAA CAPS REGULAR ORDINARY,BRANDED GENERIC,MAYNE PHARMA,ESGIC,68308021901 CAP 325-40-50MG 100,ESGIC 11/1981 M3Y,O ORALS,"OS ORALS,SOLID","OSR ORALS,SOL,TAB/CAP RE",325-40-50MG,CAP 325-40-50MG 100,100,1,Orig Manf,DELSYS NOT APPLICABLE,DELSYS NOT APPLICABLE,A SYSTEMIC ORAL SOLID REG,AA CAPS REGULAR,02100 ANALG NON-NARCOTIC,N02B0 NON-NARCOTIC ANALGESICS,"$288,826","$618,517","$977,148","$1,789,347","$2,190,022","$1,368,948","$282,590","1,636","2,866","3,279","3,842","4,935","3,145",644,"163,600","286,600","327,900","384,200","493,500","314,500","64,400"
ACETAMINOPHEN!BUTALBITAL!CAFFEINE,AAA CAPS REGULAR ORDINARY,BRANDED GENERIC,MAYNE PHARMA,ZEBUTAL,59630017011 CAP 500-40-50MG 100,ZEBUTAL 02/1999 M3Y,O ORALS,"OS ORALS,SOLID","OSR ORALS,SOL,TAB/CAP RE",500-40-50MG,CAP 500-40-50MG 100,100,1,Orig Manf,DELSYS NOT APPLICABLE,DELSYS NOT APPLICABLE,A SYSTEMIC ORAL SOLID REG,AA CAPS REGULAR,02100 ANALG NON-NARCOTIC,N02B0 NON-NARCOTIC ANALGESICS,"$4,077,124","$787,808","$352,348","$2,853",,,,"16,878","3,228","1,289",7,,,,"1,687,800","322,800","128,900",700,,,
ACETAMINOPHEN!BUTALBITAL!CAFFEINE,AAA CAPS REGULAR ORDINARY,BRANDED GENERIC,MAYNE PHARMA,ZEBUTAL,68308055410 CAP 325-40-50MG 100,ZEBUTAL 02/1999 M3Y,O ORALS,"OS ORALS,SOLID","OSR ORALS,SOL,TAB/CAP RE",325-40-50MG,CAP 325-40-50MG 100,100,1,Orig Manf,DELSYS NOT APPLICABLE,DELSYS NOT APPLICABLE,A SYSTEMIC ORAL SOLID REG,AA CAPS REGULAR,02100 ANALG NON-NARCOTIC,N02B0 NON-NARCOTIC ANALGESICS,,"$313,186","$733,910","$1,008,406","$614,230","$293,978","$59,466",,"1,304","2,419","2,210","1,318",679,137,,"130,400","241,900","221,000","131,800","67,900","13,700"
ACETAMINOPHEN!BUTALBITAL!CAFFEINE,AAA CAPS REGULAR ORDINARY,BRANDED GENERIC,TEVA PHARMACEUTICA,FIORICET,52544008001 CAP 300-40-50MG 100,FIORICET 02/1985 TEV,O ORALS,"OS ORALS,SOLID","OSR ORALS,SOL,TAB/CAP RE",300-40-50MG,CAP 300-40-50MG 100,100,1,Orig Manf,DELSYS NOT APPLICABLE,DELSYS NOT APPLICABLE,A SYSTEMIC ORAL SOLID REG,AA CAPS REGULAR,02100 ANALG NON-NARCOTIC,N02B0 NON-NARCOTIC ANALGESICS,"$3,007,229","$8,712,925","$10,078,164","$12,722,800","$4,498,477","$4,276,284","$1,252,994","13,947","35,754","30,145","31,181","10,892","9,858","2,604","1,394,700","3,575,400","3,014,500","3,118,100","1,089,200","985,800","260,400"
ACETAMINOPHEN!BUTALBITAL!CAFFEINE,AAA CAPS REGULAR ORDINARY,GENERIC,AUROBINDO PHARM,BUTALB/APAP/CAF,13107007501 CAP 50-325-40MG 100,BUTALB/APAP/CAF 02/2019 AOB,O ORALS,"OS ORALS,SOLID","OSR ORALS,SOL,TAB/CAP RE",50-325-40MG,CAP 50-325-40MG 100,100,1,Orig Manf,DELSYS NOT APPLICABLE,DELSYS NOT APPLICABLE,A SYSTEMIC ORAL SOLID REG,AA CAPS REGULAR,02100 ANALG NON-NARCOTIC,N02B0 NON-NARCOTIC ANALGESICS,,,,,,,"$260,079",,,,,,,"3,725",,,,,,,"372,500"
ACETAMINOPHEN!BUTALBITAL!CAFFEINE,AAA CAPS REGULAR ORDINARY,GENERIC,AV KARE INC,BUTALB/APAP/CAF,42291018101 CAP 300-50-40MG 100,BUTALB/APAP/CAF 09/2015 AVK,O ORALS,"OS ORALS,SOLID","OSR ORALS,SOL,TAB/CAP RE",300-50-40MG,CAP 300-50-40MG 100,100,1,Orig Manf,DELSYS NOT APPLICABLE,DELSYS NOT APPLICABLE,A SYSTEMIC ORAL SOLID REG,AA CAPS REGULAR,02100 ANALG NON-NARCOTIC,N02B0 NON-NARCOTIC ANALGESICS,,,"$174,503","$647,731","$159,289","$101,489","$40,318",,,802,"3,954",957,520,181,,,"80,200","395,400","95,700","52,000","18,100"
ACETAMINOPHEN!BUTALBITAL!CAFFEINE,AAA CAPS REGULAR ORDINARY,GENERIC,MAYNE PHARMA,BUTALB/APAP/CAF,51862017901 CAP 50-325-40MG 100,BUTALB/APAP/CAF 06/2012 M3Y,O ORALS,"OS ORALS,SOLID","OSR ORALS,SOL,TAB/CAP RE",50-325-40MG,CAP 50-325-40MG 100,100,1,Orig Manf,DELSYS NOT APPLICABLE,DELSYS NOT APPLICABLE,A SYSTEMIC ORAL SOLID REG,AA CAPS REGULAR,02100 ANALG NON-NARCOTIC,N02B0 NON-NARCOTIC ANALGESICS,"$1,084,309","$4,271,838","$8,008,886","$16,665,458","$15,820,497","$29,727,306","$7,074,658","13,389","32,534","59,801","174,318","121,099","88,813","18,957","1,338,900","3,253,400","5,980,100","17,431,800","12,109,900","8,881,300","1,895,700"
ACETAMINOPHEN!BUTALBITAL!CAFFEINE,AAA CAPS REGULAR ORDINARY,GENERIC,PAR PHARM,BUTALB/APAP/CAF,00603254621 CAP 325-40-50MG 100,BUTALB/APAP/CAF 09/1989 P.H,O ORALS,"OS ORALS,SOLID","OSR ORALS,SOL,TAB/CAP RE",325-40-50MG,CAP 325-40-50MG 100,100,1,Orig Manf,DELSYS NOT APPLICABLE,DELSYS NOT APPLICABLE,A SYSTEMIC ORAL SOLID REG,AA CAPS REGULAR,02100 ANALG NON-NARCOTIC,N02B0 NON-NARCOTIC ANALGESICS,"$43,167","$44,608",,,,,,"4,485","4,754",,,,,,"448,500","475,400",,,,,
ACETAMINOPHEN!BUTALBITAL!CAFFEINE,AAA CAPS REGULAR ORDINARY,GENERIC,SUNRISE PHARM,BUTALB/APAP/CAF,11534018701 CAP 50-300-40MG 100,BUTALB/APAP/CAF 02/2017 S&U,O ORALS,"OS ORALS,SOLID","OSR ORALS,SOL,TAB/CAP RE",50-300-40MG,CAP 50-300-40MG 100,100,1,Orig Manf,DELSYS NOT APPLICABLE,DELSYS NOT APPLICABLE,A SYSTEMIC ORAL SOLID REG,AA CAPS REGULAR,02100 ANALG NON-NARCOTIC,N02B0 NON-NARCOTIC ANALGESICS,,,,,"$16,606,494","$17,483,272","$5,845,137",,,,,"85,578","115,963","38,305",,,,,"8,557,800","11,596,300","3,830,500"
ACETAMINOPHEN!BUTALBITAL!CAFFEINE,AAA CAPS REGULAR ORDINARY,GENERIC,TEVA PHARMACEUTICA,BUTALB/APAP/CAF,00591264001 CAP 50-300-40MG 100,BUTALB/APAP/CAF 03/1988 TEV,O ORALS,"OS ORALS,SOLID","OSR ORALS,SOL,TAB/CAP RE",50-300-40MG,CAP 50-300-40MG 100,100,1,Orig Manf,DELSYS NOT APPLICABLE,DELSYS NOT APPLICABLE,A SYSTEMIC ORAL SOLID REG,AA CAPS REGULAR,02100 ANALG NON-NARCOTIC,N02B0 NON-NARCOTIC ANALGESICS,"$1,508,769","$26,976,164","$62,422,502","$76,435,320","$50,789,906","$24,931,100","$4,666,831","8,354","156,063","302,714","351,345","277,912","176,734","37,604","835,400","15,606,300","30,271,400","35,134,500","27,791,200","17,673,400","3,760,400"
ACETAMINOPHEN!BUTALBITAL!CAFFEINE,AAA CAPS REGULAR ORDINARY,GENERIC,TEVA PHARMACEUTICA,BUTALB/APAP/CAF,00591264005 CAP 50-300-40MG 500,BUTALB/APAP/CAF 03/1988 TEV,O ORALS,"OS ORALS,SOLID","OSR ORALS,SOL,TAB/CAP RE",50-300-40MG,CAP 50-300-40MG 500,500,1,Orig Manf,DELSYS NOT APPLICABLE,DELSYS NOT APPLICABLE,A SYSTEMIC ORAL SOLID REG,AA CAPS REGULAR,02100 ANALG NON-NARCOTIC,N02B0 NON-NARCOTIC ANALGESICS,,"$275,821","$1,476,548","$1,384,838","$638,187","$317,530","$232,821",,275,"1,277","1,161",464,347,289,,"137,500","638,500","580,500","232,000","173,500","144,500"
ACETAMINOPHEN!BUTALBITAL!CAFFEINE,AAA CAPS REGULAR ORDINARY,GENERIC,XSPIRE PHARMA,BUTALB/APAP/CAF,42195095510 CAP 50-300-40MG 100,BUTALB/APAP/CAF 12/2017 XSH,O ORALS,"OS ORALS,SOLID","OSR ORALS,SOL,TAB/CAP RE",50-300-40MG,CAP 50-300-40MG 100,100,1,Orig Manf,DELSYS NOT APPLICABLE,DELSYS NOT APPLICABLE,A SYSTEMIC ORAL SOLID REG,AA CAPS REGULAR,02100 ANALG NON-NARCOTIC,N02B0 NON-NARCOTIC ANALGESICS,,,,,"$310,390","$6,043,140","$3,340,424",,,,,"2,841","59,094","35,088",,,,,"284,100","5,909,400","3,508,800"
ACETAMINOPHEN!BUTALBITAL!CAFFEINE,ABA TABS UNCOAT REGULAR ORD,BRANDED GENERIC,ALLERGAN,ESGIC-PLUS,00456067801 TAB 500-40-50MG 100,ESGIC-PLUS 11/1989 ALL,O ORALS,"OS ORALS,SOLID","OSR ORALS,SOL,TAB/CAP RE",500-40-50MG,TAB 500-40-50MG 100,100,1,Orig Manf,DELSYS NOT APPLICABLE,DELSYS NOT APPLICABLE,A SYSTEMIC ORAL SOLID REG,AB TABS UNCOATED REGULAR,02100 ANALG NON-NARCOTIC,N02B0 NON-NARCOTIC ANALGESICS,"$401,451","$1,237",,,,,,"2,662",9,,,,,,"266,200",900,,,,,
ACETAMINOPHEN!BUTALBITAL!CAFFEINE,ABA TABS UNCOAT REGULAR ORD,BRANDED GENERIC,"EXELTIS USA, INC.",REPAN,00642016210 TAB 325-40-50MG 100,REPAN 11/1987 EXS,O ORALS,"OS ORALS,SOLID","OSR ORALS,SOL,TAB/CAP RE",325-40-50MG,TAB 325-40-50MG 25,25,1,Repack,DELSYS NOT APPLICABLE,DELSYS NOT APPLICABLE,A SYSTEMIC ORAL SOLID REG,AB TABS UNCOATED REGULAR,02100 ANALG NON-NARCOTIC,N02B0 NON-NARCOTIC ANALGESICS,,$185,,,,,,,28,,,,,,,700,,,,,
ACETAMINOPHEN!BUTALBITAL!CAFFEINE,ABA TABS UNCOAT REGULAR ORD,BRANDED GENERIC,MAYNE PHARMA,ESGIC,68308022001 TAB 325-40-50MG 100,ESGIC 11/1981 M3Y,O ORALS,"OS ORALS,SOLID","OSR ORALS,SOL,TAB/CAP RE",325-40-50MG,TAB 325-40-50MG 100,100,1,Orig Manf,DELSYS NOT APPLICABLE,DELSYS NOT APPLICABLE,A SYSTEMIC ORAL SOLID REG,AB TABS UNCOATED REGULAR,02100 ANALG NON-NARCOTIC,N02B0 NON-NARCOTIC ANALGESICS,"$469,302","$756,072","$910,659","$1,095,601","$880,422","$746,039","$245,160","2,525","3,813","3,353","2,393","1,961","1,674",529,"252,500","381,300","335,300","239,300","196,100","167,400","52,900"
ACETAMINOPHEN!BUTALBITAL!CAFFEINE,ABA TABS UNCOAT REGULAR ORD,BRANDED GENERIC,SHIONOGI USA,DOLGIC PLUS,59630007410 TAB 750-40-50MG 100,DOLGIC PLUS 05/2004 SGI,O ORALS,"OS ORALS,SOLID","OSR ORALS,SOL,TAB/CAP RE",750-40-50MG,TAB 750-40-50MG 100,100,1,Orig Manf,DELSYS NOT APPLICABLE,DELSYS NOT APPLICABLE,A SYSTEMIC ORAL SOLID REG,AB TABS UNCOATED REGULAR,02100 ANALG NON-NARCOTIC,N02B0 NON-NARCOTIC ANALGESICS,"$2,141,095","$174,054",$891,,,,,"3,712",309,3,,,,,"371,200","30,900",300,,,,
ACETAMINOPHEN!BUTALBITAL!CAFFEINE,ABA TABS UNCOAT REGULAR ORD,BRANDED GENERIC,TEVA PHARMACEUTICA,FIORICET,52544095701 TAB 325-40-50MG 100,FIORICET 02/1985 TEV,O ORALS,"OS ORALS,SOLID","OSR ORALS,SOL,TAB/CAP RE",325-40-50MG,TAB 325-40-50MG 100,100,1,Orig Manf,DELSYS NOT APPLICABLE,DELSYS NOT APPLICABLE,A SYSTEMIC ORAL SOLID REG,AB TABS UNCOATED REGULAR,02100 ANALG NON-NARCOTIC,N02B0 NON-NARCOTIC ANALGESICS,"$3,631,840","$8,449",$816,$87,,,,"17,427",52,7,1,,,,"1,742,700","5,200",700,100,,,
ACETAMINOPHEN!BUTALBITAL!CAFFEINE,ABA TABS UNCOAT REGULAR ORD,BRANDED GENERIC,TEVA PHARMACEUTICA,FIORICET,52544095705 TAB 325-40-50MG 500,FIORICET 02/1985 TEV,O ORALS,"OS ORALS,SOLID","OSR ORALS,SOL,TAB/CAP RE",325-40-50MG,TAB 325-40-50MG 500,500,1,Orig Manf,DELSYS NOT APPLICABLE,DELSYS NOT APPLICABLE,A SYSTEMIC ORAL SOLID REG,AB TABS UNCOATED REGULAR,02100 ANALG NON-NARCOTIC,N02B0 NON-NARCOTIC ANALGESICS,"$603,803","$15,082","$2,504",,,,,624,26,4,,,,,"312,000","13,000","2,000",,,,
ACETAMINOPHEN!BUTALBITAL!CAFFEINE,ABA TABS UNCOAT REGULAR ORD,GENERIC,ALVOGEN INC,BUTALB/APAP/CAF,47781062501 TAB 325-40-50MG 100,BUTALB/APAP/CAF 03/2017 ALE,O ORALS,"OS ORALS,SOLID","OSR ORALS,SOL,TAB/CAP RE",325-40-50MG,TAB 325-40-50MG 100,100,1,Orig Manf,DELSYS NOT APPLICABLE,DELSYS NOT APPLICABLE,A SYSTEMIC ORAL SOLID REG,AB TABS UNCOATED REGULAR,02100 ANALG NON-NARCOTIC,N02B0 NON-NARCOTIC ANALGESICS,,,,,"$4,252,550","$4,859,804","$1,064,751",,,,,"99,911","136,668","35,797",,,,,"9,991,100","13,666,800","3,579,700"
ACETAMINOPHEN!BUTALBITAL!CAFFEINE,ABA TABS UNCOAT REGULAR ORD,GENERIC,ALVOGEN INC,BUTALB/APAP/CAF,47781062505 TAB 325-40-50MG 500,BUTALB/APAP/CAF 03/2017 ALE,O ORALS,"OS ORALS,SOLID","OSR ORALS,SOL,TAB/CAP RE",325-40-50MG,TAB 325-40-50MG 500,500,1,Orig Manf,DELSYS NOT APPLICABLE,DELSYS NOT APPLICABLE,A SYSTEMIC ORAL SOLID REG,AB TABS UNCOATED REGULAR,02100 ANALG NON-NARCOTIC,N02B0 NON-NARCOTIC ANALGESICS,,,,,"$319,455","$354,054","$780,342",,,,,"1,785","2,327","4,770",,,,,"892,500","1,163,500","2,385,000"
ACETAMINOPHEN!BUTALBITAL!CAFFEINE,ABA TABS UNCOAT REGULAR ORD,GENERIC,AMERICAN HLTH PKG,BUTALB/APAP/CAF,68084039601 TAB 50-325-40MG 100UD 0396-01,BUTALB/APAP/CAF 10/2009 AHE,O ORALS,"OS ORALS,SOLID","OSR ORALS,SOL,TAB/CAP RE",50-325-40MG,TAB 50-325-40MG 10,10,1,Repack,DELSYS NOT APPLICABLE,DELSYS NOT APPLICABLE,A SYSTEMIC ORAL SOLID REG,AB TABS UNCOATED REGULAR,02100 ANALG NON-NARCOTIC,N02B0 NON-NARCOTIC ANALGESICS,$18,$90,,,,,,8,39,,,,,,80,390,,,,,
ACETAMINOPHEN!BUTALBITAL!CAFFEINE,ABA TABS UNCOAT REGULAR ORD,GENERIC,AMERICAN HLTH PKG,BUTALB/APAP/CAF,68084039601 TAB 50-325-40MG 100UD 0396-01,BUTALB/APAP/CAF 10/2009 AHE,O ORALS,"OS ORALS,SOLID","OSR ORALS,SOL,TAB/CAP RE",50-325-40MG,TAB 50-325-40MG 100UD 0396-01,100,1,Orig Manf,DELSYS NOT APPLICABLE,DELSYS NOT APPLICABLE,A SYSTEMIC ORAL SOLID REG,AB TABS UNCOATED REGULAR,02100 ANALG NON-NARCOTIC,N02B0 NON-NARCOTIC ANALGESICS,"$198,471","$488,511",$454,,,,,"12,762","24,069",19,,,,,"1,276,200","2,406,900","1,900",,,,
ACETAMINOPHEN!BUTALBITAL!CAFFEINE,ABA TABS UNCOAT REGULAR ORD,GENERIC,AMERICAN HLTH PKG,BUTALB/APAP/CAF,68084039665 TAB 50-325-40MG 50UD,BUTALB/APAP/CAF 10/2009 AHE,O ORALS,"OS ORALS,SOLID","OSR ORALS,SOL,TAB/CAP RE",50-325-40MG,TAB 50-325-40MG 50UD,50,1,Orig Manf,DELSYS NOT APPLICABLE,DELSYS NOT APPLICABLE,A SYSTEMIC ORAL SOLID REG,AB TABS UNCOATED REGULAR,02100 ANALG NON-NARCOTIC,N02B0 NON-NARCOTIC ANALGESICS,,"$107,593","$723,463","$1,265,509","$1,491,685","$1,130,879","$362,494",,"1,914","12,444","18,933","20,921","20,654","7,899",,"95,700","622,200","946,650","1,046,050","1,032,700","394,950"
ACETAMINOPHEN!BUTALBITAL!CAFFEINE,ABA TABS UNCOAT REGULAR ORD,GENERIC,A-S MEDICATION,BUTALB/APAP/CAF,50090256400 TAB 325-40-50MG 30,BUTALB/APAP/CAF 04/2003 AS&,O ORALS,"OS ORALS,SOLID","OSR ORALS,SOL,TAB/CAP RE",325-40-50MG,TAB 325-40-50MG 30,30,1,Orig Manf,DELSYS NOT APPLICABLE,DELSYS NOT APPLICABLE,A SYSTEMIC ORAL SOLID REG,AB TABS UNCOATED REGULAR,02100 ANALG NON-NARCOTIC,N02B0 NON-NARCOTIC ANALGESICS,"$1,367","$7,023","$9,440","$10,294","$9,103","$5,426","$1,214",245,616,413,472,422,259,59,"7,350","18,480","12,390","14,160","12,660","7,770","1,770"
ACETAMINOPHEN!BUTALBITAL!CAFFEINE,ABA TABS UNCOAT REGULAR ORD,GENERIC,A-S MEDICATION,BUTALB/APAP/CAF,50090256403 TAB 325-40-50MG 100,BUTALB/APAP/CAF 04/2003 AS&,O ORALS,"OS ORALS,SOLID","OSR ORALS,SOL,TAB/CAP RE",325-40-50MG,TAB 325-40-50MG 100,100,1,Orig Manf,DELSYS NOT APPLICABLE,DELSYS NOT APPLICABLE,A SYSTEMIC ORAL SOLID REG,AB TABS UNCOATED REGULAR,02100 ANALG NON-NARCOTIC,N02B0 NON-NARCOTIC ANALGESICS,$354,$787,"$1,141","$2,231","$1,694","$1,864",$460,29,43,19,33,26,31,11,"2,900","4,300","1,900","3,300","2,600","3,100","1,100"
ACETAMINOPHEN!BUTALBITAL!CAFFEINE,ABA TABS UNCOAT REGULAR ORD,GENERIC,A-S MEDICATION,BUTALB/APAP/CAF,54569253805 TAB 325-40-50MG 60,BUTALB/APAP/CAF 04/2003 AS&,O ORALS,"OS ORALS,SOLID","OSR ORALS,SOL,TAB/CAP RE",325-40-50MG,TAB 325-40-50MG 60,60,1,Orig Manf,DELSYS NOT APPLICABLE,DELSYS NOT APPLICABLE,A SYSTEMIC ORAL SOLID REG,AB TABS UNCOATED REGULAR,02100 ANALG NON-NARCOTIC,N02B0 NON-NARCOTIC ANALGESICS,,$492,$742,$336,,,,,11,17,8,,,,,660,"1,020",480,,,
ACETAMINOPHEN!BUTALBITAL!CAFFEINE,ABA TABS UNCOAT REGULAR ORD,GENERIC,A-S MEDICATION,BUTALB/APAP/CAF,54569493500 TAB 500-40-50MG 30,BUTALB/APAP/CAF 04/2003 AS&,O ORALS,"OS ORALS,SOLID","OSR ORALS,SOL,TAB/CAP RE",500-40-50MG,TAB 500-40-50MG 30,30,1,Orig Manf,DELSYS NOT APPLICABLE,DELSYS NOT APPLICABLE,A SYSTEMIC ORAL SOLID REG,AB TABS UNCOATED REGULAR,02100 ANALG NON-NARCOTIC,N02B0 NON-NARCOTIC ANALGESICS,$562,,,,,,,60,,,,,,,"1,800",,,,,,
ACETAMINOPHEN!BUTALBITAL!CAFFEINE,ABA TABS UNCOAT REGULAR ORD,GENERIC,GSMS INC.,BUTALB/APAP/CAF,60429058901 TAB 325-40-50MG 100,BUTALB/APAP/CAF 01/2018 G.M,O ORALS,"OS ORALS,SOLID","OSR ORALS,SOL,TAB/CAP RE",325-40-50MG,TAB 325-40-50MG 100,100,1,Orig Manf,DELSYS NOT APPLICABLE,DELSYS NOT APPLICABLE,A SYSTEMIC ORAL SOLID REG,AB TABS UNCOATED REGULAR,02100 ANALG NON-NARCOTIC,N02B0 NON-NARCOTIC ANALGESICS,,,,,,"$89,538","$47,792",,,,,,"10,440","5,576",,,,,,"1,044,000","557,600"
ACETAMINOPHEN!BUTALBITAL!CAFFEINE,ABA TABS UNCOAT REGULAR ORD,GENERIC,GSMS INC.,BUTALB/APAP/CAF,60429058905 TAB 325-40-50MG 500,BUTALB/APAP/CAF 01/2018 G.M,O ORALS,"OS ORALS,SOLID","OSR ORALS,SOL,TAB/CAP RE",325-40-50MG,TAB 325-40-50MG 500,500,1,Orig Manf,DELSYS NOT APPLICABLE,DELSYS NOT APPLICABLE,A SYSTEMIC ORAL SOLID REG,AB TABS UNCOATED REGULAR,02100 ANALG NON-NARCOTIC,N02B0 NON-NARCOTIC ANALGESICS,,,,,,"$57,170","$15,512",,,,,,"1,333",288,,,,,,"666,500","144,000"
ACETAMINOPHEN!BUTALBITAL!CAFFEINE,ABA TABS UNCOAT REGULAR ORD,GENERIC,HIKMA PHARMACEUT,BUTALB/APAP/CAF,00143111501 TAB 500-40-50MG 100,BUTALB/APAP/CAF 12/1995 HKM,O ORALS,"OS ORALS,SOLID","OSR ORALS,SOL,TAB/CAP RE",500-40-50MG,TAB 500-40-50MG 100,100,1,Orig Manf,DELSYS NOT APPLICABLE,DELSYS NOT APPLICABLE,A SYSTEMIC ORAL SOLID REG,AB TABS UNCOATED REGULAR,02100 ANALG NON-NARCOTIC,N02B0 NON-NARCOTIC ANALGESICS,$703,,,,,,,35,,,,,,,"3,500",,,,,,
ACETAMINOPHEN!BUTALBITAL!CAFFEINE,ABA TABS UNCOAT REGULAR ORD,GENERIC,HIKMA PHARMACEUT,BUTALB/APAP/CAF,00143178701 TAB 325-40-50MG 100,BUTALB/APAP/CAF 12/1995 HKM,O ORALS,"OS ORALS,SOLID","OSR ORALS,SOL,TAB/CAP RE",325-40-50MG,TAB 325-40-50MG 100,100,1,Orig Manf,DELSYS NOT APPLICABLE,DELSYS NOT APPLICABLE,A SYSTEMIC ORAL SOLID REG,AB TABS UNCOATED REGULAR,02100 ANALG NON-NARCOTIC,N02B0 NON-NARCOTIC ANALGESICS,"$18,050","$8,221","$9,921,491","$14,423,649","$9,116,593","$5,629,770","$1,409,634","3,326",286,"181,220","289,049","270,848","240,230","37,278","332,600","28,600","18,122,000","28,904,900","27,084,800","24,023,000","3,727,800"
ACETAMINOPHEN!BUTALBITAL!CAFFEINE,ABA TABS UNCOAT REGULAR ORD,GENERIC,HIKMA PHARMACEUT,BUTALB/APAP/CAF,00143178705 TAB 325-40-50MG 500,BUTALB/APAP/CAF 12/1995 HKM,O ORALS,"OS ORALS,SOLID","OSR ORALS,SOL,TAB/CAP RE",325-40-50MG,TAB 325-40-50MG 500,500,1,Orig Manf,DELSYS NOT APPLICABLE,DELSYS NOT APPLICABLE,A SYSTEMIC ORAL SOLID REG,AB TABS UNCOATED REGULAR,02100 ANALG NON-NARCOTIC,N02B0 NON-NARCOTIC ANALGESICS,"$25,658","$657,664","$11,006,995","$12,063,903","$10,854,078","$10,454,007","$40,663",785,"9,639","77,075","77,356","85,600","87,249",232,"392,500","4,819,500","38,537,500","38,678,000","42,800,000","43,624,500","116,000"
ACETAMINOPHEN!BUTALBITAL!CAFFEINE,ABA TABS UNCOAT REGULAR ORD,GENERIC,KVK-TECH,BUTALB/APAP/CAF,10702025350 TAB 325-40-50MG 500,BUTALB/APAP/CAF 03/2019 KVK,O ORALS,"OS ORALS,SOLID","OSR ORALS,SOL,TAB/CAP RE",325-40-50MG,TAB 325-40-50MG 500,500,1,Orig Manf,DELSYS NOT APPLICABLE,DELSYS NOT APPLICABLE,A SYSTEMIC ORAL SOLID REG,AB TABS UNCOATED REGULAR,02100 ANALG NON-NARCOTIC,N02B0 NON-NARCOTIC ANALGESICS,,,,,,,"$166,594",,,,,,,841,,,,,,,"420,500"
ACETAMINOPHEN!BUTALBITAL!CAFFEINE,ABA TABS UNCOAT REGULAR ORD,GENERIC,LANNETT,BUTALB/APAP/CAF,00527169501 TAB 50-325-40MG 100,BUTALB/APAP/CAF 01/2013 LNN,O ORALS,"OS ORALS,SOLID","OSR ORALS,SOL,TAB/CAP RE",50-325-40MG,TAB 50-325-40MG 100,100,1,Orig Manf,DELSYS NOT APPLICABLE,DELSYS NOT APPLICABLE,A SYSTEMIC ORAL SOLID REG,AB TABS UNCOATED REGULAR,02100 ANALG NON-NARCOTIC,N02B0 NON-NARCOTIC ANALGESICS,"$216,811","$2,293,470","$2,309,008","$1,815,842","$1,688,894","$2,184,080","$980,293","27,540","63,098","39,269","33,346","39,917","59,033","25,982","2,754,000","6,309,800","3,926,900","3,334,600","3,991,700","5,903,300","2,598,200"
ACETAMINOPHEN!BUTALBITAL!CAFFEINE,ABA TABS UNCOAT REGULAR ORD,GENERIC,LANNETT,BUTALB/APAP/CAF,00527169505 TAB 50-325-40MG 500,BUTALB/APAP/CAF 01/2013 LNN,O ORALS,"OS ORALS,SOLID","OSR ORALS,SOL,TAB/CAP RE",50-325-40MG,TAB 50-325-40MG 500,500,1,Orig Manf,DELSYS NOT APPLICABLE,DELSYS NOT APPLICABLE,A SYSTEMIC ORAL SOLID REG,AB TABS UNCOATED REGULAR,02100 ANALG NON-NARCOTIC,N02B0 NON-NARCOTIC ANALGESICS,"$33,975","$802,365","$2,043,031","$2,607,079","$2,244,950","$3,084,074","$1,592,810",720,"3,877","10,605","11,598","13,621","30,508","24,989","360,000","1,938,500","5,302,500","5,799,000","6,810,500","15,254,000","12,494,500"
ACETAMINOPHEN!BUTALBITAL!CAFFEINE,ABA TABS UNCOAT REGULAR ORD,GENERIC,MAJOR PHARM,BUTALB/APAP/CAF,00904653806 TAB 325-40-50MG 50UD,BUTALB/APAP/CAF 04/1988 MJR,O ORALS,"OS ORALS,SOLID","OSR ORALS,SOL,TAB/CAP RE",325-40-50MG,TAB 325-40-50MG 50UD,50,1,Orig Manf,DELSYS NOT APPLICABLE,DELSYS NOT APPLICABLE,A SYSTEMIC ORAL SOLID REG,AB TABS UNCOATED REGULAR,02100 ANALG NON-NARCOTIC,N02B0 NON-NARCOTIC ANALGESICS,,,,,"$41,753","$418,605","$220,335",,,,,606,"5,872","3,234",,,,,"30,300","293,600","161,700"
ACETAMINOPHEN!BUTALBITAL!CAFFEINE,ABA TABS UNCOAT REGULAR ORD,GENERIC,MAJOR PHARM,BUTALB/APAP/CAF,00904653840 TAB 325-40-50MG 500,BUTALB/APAP/CAF 04/1988 MJR,O ORALS,"OS ORALS,SOLID","OSR ORALS,SOL,TAB/CAP RE",325-40-50MG,TAB 325-40-50MG 500,500,1,Orig Manf,DELSYS NOT APPLICABLE,DELSYS NOT APPLICABLE,A SYSTEMIC ORAL SOLID REG,AB TABS UNCOATED REGULAR,02100 ANALG NON-NARCOTIC,N02B0 NON-NARCOTIC ANALGESICS,$13,,,,,"$21,541","$6,626",1,,,,,73,22,500,,,,,"36,500","11,000"
ACETAMINOPHEN!BUTALBITAL!CAFFEINE,ABA TABS UNCOAT REGULAR ORD,GENERIC,MAJOR PHARM,BUTALB/APAP/CAF,00904653860 TAB 325-40-50MG 100,BUTALB/APAP/CAF 04/1988 MJR,O ORALS,"OS ORALS,SOLID","OSR ORALS,SOL,TAB/CAP RE",325-40-50MG,TAB 325-40-50MG 100,100,1,Orig Manf,DELSYS NOT APPLICABLE,DELSYS NOT APPLICABLE,A SYSTEMIC ORAL SOLID REG,AB TABS UNCOATED REGULAR,02100 ANALG NON-NARCOTIC,N02B0 NON-NARCOTIC ANALGESICS,,,,"$105,394","$138,415","$171,340","$63,646",,,,"2,071","2,537","3,150","1,140",,,,"207,100","253,700","315,000","114,000"
ACETAMINOPHEN!BUTALBITAL!CAFFEINE,ABA TABS UNCOAT REGULAR ORD,GENERIC,MAJOR PHARM,BUTALB/APAP/CAF,00904653880 TAB 325-40-50MG 1000,BUTALB/APAP/CAF 04/1988 MJR,O ORALS,"OS ORALS,SOLID","OSR ORALS,SOL,TAB/CAP RE",325-40-50MG,TAB 325-40-50MG 1000,1000,1,Orig Manf,DELSYS NOT APPLICABLE,DELSYS NOT APPLICABLE,A SYSTEMIC ORAL SOLID REG,AB TABS UNCOATED REGULAR,02100 ANALG NON-NARCOTIC,N02B0 NON-NARCOTIC ANALGESICS,,,,"$4,055","$44,721","$33,838","$12,441",,,,7,78,58,22,,,,"7,000","78,000","58,000","22,000"
ACETAMINOPHEN!BUTALBITAL!CAFFEINE,ABA TABS UNCOAT REGULAR ORD,GENERIC,MAYNE PHARMA,BUTALB/APAP/CAF,51862054001 TAB 50-325-40MG 100,BUTALB/APAP/CAF 06/2012 M3Y,O ORALS,"OS ORALS,SOLID","OSR ORALS,SOL,TAB/CAP RE",50-325-40MG,TAB 50-325-40MG 100,100,1,Orig Manf,DELSYS NOT APPLICABLE,DELSYS NOT APPLICABLE,A SYSTEMIC ORAL SOLID REG,AB TABS UNCOATED REGULAR,02100 ANALG NON-NARCOTIC,N02B0 NON-NARCOTIC ANALGESICS,,,"$2,894","$8,897,067","$8,068,482","$1,275,458","$312,637",,,67,"242,639","219,146","30,902","9,023",,,"6,700","24,263,900","21,914,600","3,090,200","902,300"
ACETAMINOPHEN!BUTALBITAL!CAFFEINE,ABA TABS UNCOAT REGULAR ORD,GENERIC,MAYNE PHARMA,BUTALB/APAP/CAF,51862054005 TAB 50-325-40MG 500,BUTALB/APAP/CAF 06/2012 M3Y,O ORALS,"OS ORALS,SOLID","OSR ORALS,SOL,TAB/CAP RE",50-325-40MG,TAB 50-325-40MG 10,10,1,Repack,DELSYS NOT APPLICABLE,DELSYS NOT APPLICABLE,A SYSTEMIC ORAL SOLID REG,AB TABS UNCOATED REGULAR,02100 ANALG NON-NARCOTIC,N02B0 NON-NARCOTIC ANALGESICS,,,,,$450,"$17,654","$1,129",,,,,41,"5,218",103,,,,,410,"52,180","1,030"
ACETAMINOPHEN!BUTALBITAL!CAFFEINE,ABA TABS UNCOAT REGULAR ORD,GENERIC,MAYNE PHARMA,BUTALB/APAP/CAF,51862054005 TAB 50-325-40MG 500,BUTALB/APAP/CAF 06/2012 M3Y,O ORALS,"OS ORALS,SOLID","OSR ORALS,SOL,TAB/CAP RE",50-325-40MG,TAB 50-325-40MG 500,500,1,Orig Manf,DELSYS NOT APPLICABLE,DELSYS NOT APPLICABLE,A SYSTEMIC ORAL SOLID REG,AB TABS UNCOATED REGULAR,02100 ANALG NON-NARCOTIC,N02B0 NON-NARCOTIC ANALGESICS,,,"$115,959","$4,063,728","$4,064,048","$856,563","$381,809",,,405,"13,040","17,821","3,611","2,024",,,"202,500","6,520,000","8,910,500","1,805,500","1,012,000"
ACETAMINOPHEN!BUTALBITAL!CAFFEINE,ABA TABS UNCOAT REGULAR ORD,GENERIC,MIKART INC,BUTALB/APAP/CAF,46672005310 TAB 325-40-50MG 100,BUTALB/APAP/CAF 04/1989 MK5,O ORALS,"OS ORALS,SOLID","OSR ORALS,SOL,TAB/CAP RE",325-40-50MG,TAB 325-40-50MG 100,100,1,Orig Manf,DELSYS NOT APPLICABLE,DELSYS NOT APPLICABLE,A SYSTEMIC ORAL SOLID REG,AB TABS UNCOATED REGULAR,02100 ANALG NON-NARCOTIC,N02B0 NON-NARCOTIC ANALGESICS,"$2,733,955","$12,314,219","$1,861,923","$304,611","$513,300","$90,018","$22,821","304,375","411,346","57,138","5,878","3,813","1,708",432,"30,437,500","41,134,600","5,713,800","587,800","381,300","170,800","43,200"
ACETAMINOPHEN!BUTALBITAL!CAFFEINE,ABA TABS UNCOAT REGULAR ORD,GENERIC,MIKART INC,BUTALB/APAP/CAF,46672005350 TAB 325-40-50MG 500,BUTALB/APAP/CAF 04/1989 MK5,O ORALS,"OS ORALS,SOLID","OSR ORALS,SOL,TAB/CAP RE",325-40-50MG,TAB 325-40-50MG 500,500,1,Orig Manf,DELSYS NOT APPLICABLE,DELSYS NOT APPLICABLE,A SYSTEMIC ORAL SOLID REG,AB TABS UNCOATED REGULAR,02100 ANALG NON-NARCOTIC,N02B0 NON-NARCOTIC ANALGESICS,"$205,397","$573,470","$966,356","$613,393","$817,145","$1,048,848","$2,207,175","5,586","6,626","4,973","2,882","2,054","2,142","8,102","2,793,000","3,313,000","2,486,500","1,441,000","1,027,000","1,071,000","4,051,000"
ACETAMINOPHEN!BUTALBITAL!CAFFEINE,ABA TABS UNCOAT REGULAR ORD,GENERIC,PAR PHARM,BUTALB/APAP/CAF,00603254402 TAB 325-40-50MG 90,BUTALB/APAP/CAF 09/1989 P.H,O ORALS,"OS ORALS,SOLID","OSR ORALS,SOL,TAB/CAP RE",325-40-50MG,TAB 325-40-50MG 90,90,1,Orig Manf,DELSYS NOT APPLICABLE,DELSYS NOT APPLICABLE,A SYSTEMIC ORAL SOLID REG,AB TABS UNCOATED REGULAR,02100 ANALG NON-NARCOTIC,N02B0 NON-NARCOTIC ANALGESICS,"$8,991","$105,826","$112,547","$69,319","$29,564",,,"1,092","3,224","1,681",926,526,,,"98,280","290,160","151,290","83,340","47,340",,
ACETAMINOPHEN!BUTALBITAL!CAFFEINE,ABA TABS UNCOAT REGULAR ORD,GENERIC,PAR PHARM,BUTALB/APAP/CAF,00603254420 TAB 325-40-50MG 60,BUTALB/APAP/CAF 09/1989 P.H,O ORALS,"OS ORALS,SOLID","OSR ORALS,SOL,TAB/CAP RE",325-40-50MG,TAB 325-40-50MG 60,60,1,Orig Manf,DELSYS NOT APPLICABLE,DELSYS NOT APPLICABLE,A SYSTEMIC ORAL SOLID REG,AB TABS UNCOATED REGULAR,02100 ANALG NON-NARCOTIC,N02B0 NON-NARCOTIC ANALGESICS,"$6,949","$108,098","$115,366","$53,886","$7,873",,,"1,241","4,144","2,530","1,192",194,,,"74,460","248,640","151,800","71,520","11,640",,
ACETAMINOPHEN!BUTALBITAL!CAFFEINE,ABA TABS UNCOAT REGULAR ORD,GENERIC,PAR PHARM,BUTALB/APAP/CAF,00603254421 TAB 325-40-50MG 100,BUTALB/APAP/CAF 09/1989 P.H,O ORALS,"OS ORALS,SOLID","OSR ORALS,SOL,TAB/CAP RE",325-40-50MG,TAB 325-40-50MG 10,10,1,Repack,DELSYS NOT APPLICABLE,DELSYS NOT APPLICABLE,A SYSTEMIC ORAL SOLID REG,AB TABS UNCOATED REGULAR,02100 ANALG NON-NARCOTIC,N02B0 NON-NARCOTIC ANALGESICS,,$60,$99,"$1,235",$781,"$1,053","$1,177",,15,44,765,580,704,645,,150,440,"7,650","5,800","7,040","6,450"
ACETAMINOPHEN!BUTALBITAL!CAFFEINE,ABA TABS UNCOAT REGULAR ORD,GENERIC,PAR PHARM,BUTALB/APAP/CAF,00603254421 TAB 325-40-50MG 100,BUTALB/APAP/CAF 09/1989 P.H,O ORALS,"OS ORALS,SOLID","OSR ORALS,SOL,TAB/CAP RE",325-40-50MG,TAB 325-40-50MG 100,100,1,Orig Manf,DELSYS NOT APPLICABLE,DELSYS NOT APPLICABLE,A SYSTEMIC ORAL SOLID REG,AB TABS UNCOATED REGULAR,02100 ANALG NON-NARCOTIC,N02B0 NON-NARCOTIC ANALGESICS,"$6,083,154","$32,469,487","$45,773,170","$37,105,723","$22,657,857","$14,410,291","$2,426,363","785,073","951,260","853,452","462,216","279,093","294,668","124,583","78,507,300","95,126,000","85,345,200","46,221,600","27,909,300","29,466,800","12,458,300"
ACETAMINOPHEN!BUTALBITAL!CAFFEINE,ABA TABS UNCOAT REGULAR ORD,GENERIC,PAR PHARM,BUTALB/APAP/CAF,00603254428 TAB 325-40-50MG 500,BUTALB/APAP/CAF 09/1989 P.H,O ORALS,"OS ORALS,SOLID","OSR ORALS,SOL,TAB/CAP RE",325-40-50MG,TAB 325-40-50MG 500,500,1,Orig Manf,DELSYS NOT APPLICABLE,DELSYS NOT APPLICABLE,A SYSTEMIC ORAL SOLID REG,AB TABS UNCOATED REGULAR,02100 ANALG NON-NARCOTIC,N02B0 NON-NARCOTIC ANALGESICS,"$5,988,334","$26,074,288","$23,148,967","$8,921,153","$6,269,897","$7,590,520","$1,943,976","144,099","177,459","74,639","22,945","20,594","28,398","10,918","72,049,500","88,729,500","37,319,500","11,472,500","10,297,000","14,199,000","5,459,000"
ACETAMINOPHEN!BUTALBITAL!CAFFEINE,ABA TABS UNCOAT REGULAR ORD,GENERIC,PAR PHARM,BUTALB/APAP/CAF,00603254432 TAB 325-40-50MG 1000,BUTALB/APAP/CAF 09/1989 P.H,O ORALS,"OS ORALS,SOLID","OSR ORALS,SOL,TAB/CAP RE",325-40-50MG,TAB 325-40-50MG 1000,1000,1,Orig Manf,DELSYS NOT APPLICABLE,DELSYS NOT APPLICABLE,A SYSTEMIC ORAL SOLID REG,AB TABS UNCOATED REGULAR,02100 ANALG NON-NARCOTIC,N02B0 NON-NARCOTIC ANALGESICS,"$1,013,317","$3,373,285","$2,665,476","$1,582,105","$732,188","$1,486",,"13,277","12,547","4,207","1,949","1,177",3,,"13,277,000","12,547,000","4,207,000","1,949,000","1,177,000","3,000",
ACETAMINOPHEN!BUTALBITAL!CAFFEINE,ABA TABS UNCOAT REGULAR ORD,GENERIC,PAR PHARM,BUTALB/APAP/CAF,00603254432 TAB 325-40-50MG 1000,BUTALB/APAP/CAF 09/1989 P.H,O ORALS,"OS ORALS,SOLID","OSR ORALS,SOL,TAB/CAP RE",325-40-50MG,TAB 325-40-50MG 30,30,1,Repack,DELSYS NOT APPLICABLE,DELSYS NOT APPLICABLE,A SYSTEMIC ORAL SOLID REG,AB TABS UNCOATED REGULAR,02100 ANALG NON-NARCOTIC,N02B0 NON-NARCOTIC ANALGESICS,"$16,447","$13,520","$2,743",,,,,"21,975","16,642","3,251",,,,,"659,250","499,260","97,530",,,,
ACETAMINOPHEN!BUTALBITAL!CAFFEINE,ABA TABS UNCOAT REGULAR ORD,GENERIC,PAR PHARM,BUTALB/APAP/CAF,00603254521 TAB 500-40-50MG 100,BUTALB/APAP/CAF 09/1989 P.H,O ORALS,"OS ORALS,SOLID","OSR ORALS,SOL,TAB/CAP RE",500-40-50MG,TAB 500-40-50MG 100,100,1,Orig Manf,DELSYS NOT APPLICABLE,DELSYS NOT APPLICABLE,A SYSTEMIC ORAL SOLID REG,AB TABS UNCOATED REGULAR,02100 ANALG NON-NARCOTIC,N02B0 NON-NARCOTIC ANALGESICS,"$151,706","$1,226",$155,,,,,"7,732",100,12,,,,,"773,200","10,000","1,200",,,,
ACETAMINOPHEN!BUTALBITAL!CAFFEINE,ABA TABS UNCOAT REGULAR ORD,GENERIC,PAR PHARM,BUTALB/APAP/CAF,00603254528 TAB 500-40-50MG 500,BUTALB/APAP/CAF 09/1989 P.H,O ORALS,"OS ORALS,SOLID","OSR ORALS,SOL,TAB/CAP RE",500-40-50MG,TAB 500-40-50MG 500,500,1,Orig Manf,DELSYS NOT APPLICABLE,DELSYS NOT APPLICABLE,A SYSTEMIC ORAL SOLID REG,AB TABS UNCOATED REGULAR,02100 ANALG NON-NARCOTIC,N02B0 NON-NARCOTIC ANALGESICS,"$81,490",,,,,,,817,,,,,,,"408,500",,,,,,
ACETAMINOPHEN!BUTALBITAL!CAFFEINE,ABA TABS UNCOAT REGULAR ORD,GENERIC,REPACKAGER,BUTALB/APAP/CAF,R1125387019 TAB 325-40-50MG 10UD,BUTALB/APAP/CAF 04/1996 RKG,O ORALS,"OS ORALS,SOLID","OSR ORALS,SOL,TAB/CAP RE",325-40-50MG,TAB 325-40-50MG 10UD,10,1,Orig Manf,DELSYS NOT APPLICABLE,DELSYS NOT APPLICABLE,A SYSTEMIC ORAL SOLID REG,AB TABS UNCOATED REGULAR,02100 ANALG NON-NARCOTIC,N02B0 NON-NARCOTIC ANALGESICS,,,,,$620,$883,$401,,,,,243,348,157,,,,,"2,430","3,480","1,570"
ACETAMINOPHEN!BUTALBITAL!CAFFEINE,ABA TABS UNCOAT REGULAR ORD,GENERIC,TEVA PHARMACEUTICA,BUTALB/APAP/CAF,00591336901 TAB 325-40-50MG 100,BUTALB/APAP/CAF 03/1988 TEV,O ORALS,"OS ORALS,SOLID","OSR ORALS,SOL,TAB/CAP RE",325-40-50MG,TAB 325-40-50MG 100,100,1,Orig Manf,DELSYS NOT APPLICABLE,DELSYS NOT APPLICABLE,A SYSTEMIC ORAL SOLID REG,AB TABS UNCOATED REGULAR,02100 ANALG NON-NARCOTIC,N02B0 NON-NARCOTIC ANALGESICS,"$249,545","$2,317,729","$4,078,585","$4,070,818","$3,050,096","$2,191,493","$583,922","44,446","91,226","87,494","84,407","66,716","53,915","17,079","4,444,600","9,122,600","8,749,400","8,440,700","6,671,600","5,391,500","1,707,900"
ACETAMINOPHEN!BUTALBITAL!CAFFEINE,ABA TABS UNCOAT REGULAR ORD,GENERIC,TEVA PHARMACEUTICA,BUTALB/APAP/CAF,00591336905 TAB 325-40-50MG 500,BUTALB/APAP/CAF 03/1988 TEV,O ORALS,"OS ORALS,SOLID","OSR ORALS,SOL,TAB/CAP RE",325-40-50MG,TAB 325-40-50MG 10,10,1,Repack,DELSYS NOT APPLICABLE,DELSYS NOT APPLICABLE,A SYSTEMIC ORAL SOLID REG,AB TABS UNCOATED REGULAR,02100 ANALG NON-NARCOTIC,N02B0 NON-NARCOTIC ANALGESICS,$25,$333,$577,$852,"$1,104",$303,$26,27,649,"1,032",952,"1,237",400,64,270,"6,490","10,320","9,520","12,370","4,000",640
ACETAMINOPHEN!BUTALBITAL!CAFFEINE,ABA TABS UNCOAT REGULAR ORD,GENERIC,TEVA PHARMACEUTICA,BUTALB/APAP/CAF,00591336905 TAB 325-40-50MG 500,BUTALB/APAP/CAF 03/1988 TEV,O ORALS,"OS ORALS,SOLID","OSR ORALS,SOL,TAB/CAP RE",325-40-50MG,TAB 325-40-50MG 500,500,1,Orig Manf,DELSYS NOT APPLICABLE,DELSYS NOT APPLICABLE,A SYSTEMIC ORAL SOLID REG,AB TABS UNCOATED REGULAR,02100 ANALG NON-NARCOTIC,N02B0 NON-NARCOTIC ANALGESICS,"$500,866","$3,902,729","$6,222,788","$5,131,870","$4,387,470","$3,032,480","$1,997,598","20,401","34,541","25,532","22,979","21,527","14,952","15,908","10,200,500","17,270,500","12,766,000","11,489,500","10,763,500","7,476,000","7,954,000"
ACETAMINOPHEN!BUTALBITAL!CAFFEINE,DBA ELIXIR REGULAR,BRANDED GENERIC,G. M. PHARM,VANATOL,58809035930 ELIX 50-325-40MG 30MLX12 0359-30 S,VANATOL 08/2015 GM&,O ORALS,"OL ORALS,LIQUID","OLE ORALS,LIQ,ELIXIR",50-325-40MG/15ML,ELIX 50-325-40MG 30MLX12 0359-30 S,30,12,Orig Manf,DELSYS NOT APPLICABLE,DELSYS NOT APPLICABLE,D SYSTEMIC ORAL LIQUID,DB ELIXIR,02100 ANALG NON-NARCOTIC,N02B0 NON-NARCOTIC ANALGESICS,,,,,"$7,503","$61,903","$16,433",,,,,7,62,16,,,,,"2,520","22,320","5,760"
ACETAMINOPHEN!BUTALBITAL!CAFFEINE,DBA ELIXIR REGULAR,BRANDED GENERIC,G. M. PHARM,VANATOL,58809082016 ELIX 50-325-40MG 473ML 0820-16 LQ,VANATOL 08/2015 GM&,O ORALS,"OL ORALS,LIQUID","OLE ORALS,LIQ,ELIXIR",50-325-40MG/15ML,ELIX 50-325-40MG 473ML 0820-16 LQ,473,1,Orig Manf,DELSYS NOT APPLICABLE,DELSYS NOT APPLICABLE,D SYSTEMIC ORAL LIQUID,DB ELIXIR,02100 ANALG NON-NARCOTIC,N02B0 NON-NARCOTIC ANALGESICS,,,"$306,657","$1,855,587","$1,291,731","$548,819","$93,795",,,275,"1,851","1,199",520,88,,,"130,075","875,523","567,127","245,960","41,624"
ACETAMINOPHEN!BUTALBITAL!CAFFEINE,DBA ELIXIR REGULAR,BRANDED GENERIC,POLY PHARM,ALAGESIC LQ,50991051416 ELIX 50-325-40MG 473ML,ALAGESIC LQ 07/2009 PLP,O ORALS,"OL ORALS,LIQUID","OLE ORALS,LIQ,ELIXIR",50-325-40MG/15ML,ELIX 50-325-40MG 473ML,473,1,Orig Manf,DELSYS NOT APPLICABLE,DELSYS NOT APPLICABLE,D SYSTEMIC ORAL LIQUID,DB ELIXIR,02100 ANALG NON-NARCOTIC,N02B0 NON-NARCOTIC ANALGESICS,"$21,651","$1,252",,,,,,369,21,,,,,,"174,537","9,933",,,,,
ACETAMINOPHEN!CHLORPHENIRAMINE!DEXTROMETHORPHAN!PSEUDOEPHEDRINE,AAA CAPS REGULAR ORDINARY,OTHER,BAYER CONSUMER CAR,ALKA-SEL PLUS CLD/CGH,NDC NOT AVAILABLE,ALKA-SEL PLUS CLD/CGH 07/1991 BCN,O ORALS,"OS ORALS,SOLID","OSR ORALS,SOL,TAB/CAP RE",250-30-10-2MG,LIQUIGEL 250-30-10-2M 20,20,1,Orig Manf,DELSYS NOT APPLICABLE,DELSYS NOT APPLICABLE,A SYSTEMIC ORAL SOLID REG,AA CAPS REGULAR,34500 NON-NARC COUGH COMB W/O EXP,R05A0 COLD PREPS W/O A-INFEC,"$721,443","$2,279,829","$2,024,508","$1,773,567","$1,435,675","$665,710","$225,514","159,708","504,139","449,783","398,533","328,829","154,071","51,767","3,194,160","10,082,780","8,995,660","7,970,660","6,576,580","3,081,420","1,035,340"
ACETAMINOPHEN!CHLORPHENIRAMINE!DEXTROMETHORPHAN!PSEUDOEPHEDRINE,ABA TABS UNCOAT REGULAR ORD,OTHER,PRIVATE LABEL,APAP/CPM/DM/PSE,P1560492006 TAB 30-10-2-325M 24,APAP/CPM/DM/PSE 04/1999 PVA,O ORALS,"OS ORALS,SOLID","OSR ORALS,SOL,TAB/CAP RE",30-10-2-325MG,TAB 30-10-2-325M 24,24,1,Orig Manf,DELSYS NOT APPLICABLE,DELSYS NOT APPLICABLE,A SYSTEMIC ORAL SOLID REG,AB TABS UNCOATED REGULAR,34500 NON-NARC COUGH COMB W/O EXP,R05A0 COLD PREPS W/O A-INFEC,"$1,212",,,,,,,"1,475",,,,,,,"35,400",,,,,,
ACETAMINOPHEN!CHLORPHENIRAMINE!DEXTROMETHORPHAN!PSEUDOEPHEDRINE,ACA TABS COATED REGULAR ORD,OTHER,MYLAN SPECIALTY,CONTAC SEVERE COLD FORM,00135017601 CAPLET 500-2-15-30M 16 0176-01 MAX S,CONTAC SEVERE COLD FORM 09/1981 M+S,O ORALS,"OS ORALS,SOLID","OSR ORALS,SOL,TAB/CAP RE",500-2-15-30MG,CAPLET 500-2-15-30M 16 0176-01 MAX S,16,1,Orig Manf,DELSYS NOT APPLICABLE,DELSYS NOT APPLICABLE,A SYSTEMIC ORAL SOLID REG,AC TABS COATED REGULAR,34500 NON-NARC COUGH COMB W/O EXP,R05A0 COLD PREPS W/O A-INFEC,$8,,,,,,,2,,,,,,,32,,,,,,
ACETAMINOPHEN!CHLORPHENIRAMINE!DEXTROMETHORPHAN!PSEUDOEPHEDRINE,AZA OT ORAL SOLD REG ORDIN,OTHER,GSK CONSUMER HLTH,THERAFLU SEVERE C&C,00067609106 PWD PKT ORAL30-60-1000-4 6,THERAFLU SEVERE C&C 04/2005 GKC,O ORALS,"OS ORALS,SOLID","OSZ ORALS,SOL,OTHER",30-60-1000-4MG,PWD PKT ORAL30-60-1000-4 6,6,1,Orig Manf,DELSYS NOT APPLICABLE,DELSYS NOT APPLICABLE,A SYSTEMIC ORAL SOLID REG,AZ OTHR ORAL SOLID REGULAR,34500 NON-NARC COUGH COMB W/O EXP,R05A0 COLD PREPS W/O A-INFEC,,"$127,822","$315,186","$220,911","$206,986","$257,737","$94,353",,"28,777","69,245","46,947","44,417","55,311","20,164",,"172,662","415,470","281,682","266,502","331,866","120,984"
ACETAMINOPHEN!CHLORPHENIRAMINE!DEXTROMETHORPHAN!PSEUDOEPHEDRINE,"DGA REDY-MDE SUSPENSION, RE",OTHER,MCNEIL CONS & SPEC,TYLENOL CHILD+FLU,00045038605 SUSP 160-5-2.5-1M 120ML 0386-05,TYLENOL CHILD+FLU 07/2006 MCC,O ORALS,"OL ORALS,LIQUID","OLR ORALS,LIQ,READY-MDE",160-5-2.5-1MG/5ML,SUSP 160-5-2.5-1M 120ML 0386-05,120,1,Orig Manf,DELSYS NOT APPLICABLE,DELSYS NOT APPLICABLE,D SYSTEMIC ORAL LIQUID,DG REDY-MDE SUSPENSION ORA,34500 NON-NARC COUGH COMB W/O EXP,R05A0 COLD PREPS W/O A-INFEC,,,,,"$1,114,528","$2,403,033","$1,094,743",,,,,"219,497","474,284","216,763",,,,,"26,339,640","56,914,080","26,011,560"
ACETAMINOPHEN!PROPOXYPHENE,ABA TABS UNCOAT REGULAR ORD,GENERIC,IMPAX GENERICS,PROPOXYPHEN-N/APAP,33358030850 TAB 100-650MG 50,PROPOXYPHEN-N/APAP 12/2011 IXR,O ORALS,"OS ORALS,SOLID","OSR ORALS,SOL,TAB/CAP RE",100-650MG,TAB 100-650MG 50,50,1,Orig Manf,DELSYS NOT APPLICABLE,DELSYS NOT APPLICABLE,A SYSTEMIC ORAL SOLID REG,AB TABS UNCOATED REGULAR,02200 ANALG NARCOTIC,N02A0 NARCOTIC ANALGESICS,"$22,234","$23,597",,,,,,552,587,,,,,,"27,600","29,350",,,,,
ACETAMINOPHEN!PROPOXYPHENE,ABA TABS UNCOAT REGULAR ORD,GENERIC,PAR PHARM,PROPOXYPHEN-N/APAP,00603546621 TAB 100-650MG 100 5466-21,PROPOXYPHEN-N/APAP 10/1986 P.H,O ORALS,"OS ORALS,SOLID","OSR ORALS,SOL,TAB/CAP RE",100-650MG,TAB 100-650MG 100 5466-21,100,1,Orig Manf,DELSYS NOT APPLICABLE,DELSYS NOT APPLICABLE,A SYSTEMIC ORAL SOLID REG,AB TABS UNCOATED REGULAR,02200 ANALG NARCOTIC,N02A0 NARCOTIC ANALGESICS,,$29,$11,$67,,,,,5,2,13,,,,,500,200,"1,300",,,
ACETAMINOPHEN!PROPOXYPHENE,ABA TABS UNCOAT REGULAR ORD,GENERIC,PHYSICIAN PARTNER,PROPOXYPHEN-N/APAP,21695028015 TAB 100-650MG 15,PROPOXYPHEN-N/APAP 10/2013 PYI,O ORALS,"OS ORALS,SOLID","OSR ORALS,SOL,TAB/CAP RE",100-650MG,TAB 100-650MG 15,15,1,Orig Manf,DELSYS NOT APPLICABLE,DELSYS NOT APPLICABLE,A SYSTEMIC ORAL SOLID REG,AB TABS UNCOATED REGULAR,02200 ANALG NARCOTIC,N02A0 NARCOTIC ANALGESICS,"$5,048","$6,106",,,,,,228,308,,,,,,"3,420","4,620",,,,,
ACETYLCYSTEINE!FOLIC ACID!MECOBALAMIN,ABA TABS UNCOAT REGULAR ORD,BRAND,ALFASIGMA USA INC,CEREFOLIN NAC,00525055590 TAB 600-2-6MG 90,CEREFOLIN NAC 03/2006 A3F,O ORALS,"OS ORALS,SOLID","OSR ORALS,SOL,TAB/CAP RE",600-2-6MG,TAB 600-2-6MG 90,90,1,Orig Manf,DELSYS NOT APPLICABLE,DELSYS NOT APPLICABLE,A SYSTEMIC ORAL SOLID REG,AB TABS UNCOATED REGULAR,48100 HEMATINICS,N06E0 NEUROTONICS+OTHER PREPS,"$7,448,527","$9,497,730","$8,600,484","$6,413,713","$4,405,900","$3,623,604","$954,800","26,333","31,154","27,146","18,811","11,344","8,077","1,993","2,369,970","2,803,860","2,443,140","1,692,990","1,020,960","726,930","179,370"
ACETYLCYSTEINE!FOLIC ACID!MECOBALAMIN,ABA TABS UNCOAT REGULAR ORD,GENERIC,"METHOD PHARMA, LLC",MEFOLAT/NAC/B12/AL,58657020290 CAPLET 6-600-2MG 90,MEFOLAT/NAC/B12/AL 07/2015 MHD,O ORALS,"OS ORALS,SOLID","OSR ORALS,SOL,TAB/CAP RE",6-600-2MG,CAPLET 6-600-2MG 90,90,1,Orig Manf,DELSYS NOT APPLICABLE,DELSYS NOT APPLICABLE,A SYSTEMIC ORAL SOLID REG,AB TABS UNCOATED REGULAR,48100 HEMATINICS,B03X0 OTH ANTI-ANAE+FOLIC ACID,,,"$45,700","$104,164",,,,,,192,547,,,,,,"17,280","49,230",,,
ACETYLCYSTEINE!FOLIC ACID!MECOBALAMIN,ABA TABS UNCOAT REGULAR ORD,GENERIC,VIRTUS PHARMA,L-METHYL-MC NAC,76439036190 TAB 600-2-6MG 90,L-METHYL-MC NAC 03/2013 VRU,O ORALS,"OS ORALS,SOLID","OSR ORALS,SOL,TAB/CAP RE",600-2-6MG,TAB 600-2-6MG 90,90,1,Orig Manf,DELSYS NOT APPLICABLE,DELSYS NOT APPLICABLE,A SYSTEMIC ORAL SOLID REG,AB TABS UNCOATED REGULAR,48100 HEMATINICS,B03X0 OTH ANTI-ANAE+FOLIC ACID,"$959,207","$1,373,136","$812,329","$588,382","$431,860","$373,737","$116,295","6,994","10,618","6,886","5,144","3,685","3,278","1,040","629,460","955,620","619,740","462,960","331,650","295,020","93,600"
ACETYLCYSTEINE!FOLIC ACID!MECOBALAMIN,ABA TABS UNCOAT REGULAR ORD,GENERIC,VIRTUS PHARMA,MEFOLAT/NAC/B12/AL,76439032490 TAB 6-600-2MG 90,MEFOLAT/NAC/B12/AL 07/2014 VRU,O ORALS,"OS ORALS,SOLID","OSR ORALS,SOL,TAB/CAP RE",6-600-2MG,TAB 6-600-2MG 90,90,1,Orig Manf,DELSYS NOT APPLICABLE,DELSYS NOT APPLICABLE,A SYSTEMIC ORAL SOLID REG,AB TABS UNCOATED REGULAR,48100 HEMATINICS,B03X0 OTH ANTI-ANAE+FOLIC ACID,,"$496,403","$532,226",$100,,,,,"2,920","3,086",1,,,,,"262,800","277,740",90,,,
ACETYLCYSTEINE!FOLIC ACID!MECOBALAMIN,ABA TABS UNCOAT REGULAR ORD,GENERIC,ZERXIS PHARMA,MEFOLATE/B12/NCN,18011055090 TAB 600-2-6MG 90,MEFOLATE/B12/NCN 08/2011 ZE6,O ORALS,"OS ORALS,SOLID","OSR ORALS,SOL,TAB/CAP RE",600-2-6MG,TAB 600-2-6MG 90,90,1,Orig Manf,DELSYS NOT APPLICABLE,DELSYS NOT APPLICABLE,A SYSTEMIC ORAL SOLID REG,AB TABS UNCOATED REGULAR,48100 HEMATINICS,B03X0 OTH ANTI-ANAE+FOLIC ACID,$286,,,,,,,2,,,,,,,180,,,,,,
ACETYLCYSTEINE!FOLIC ACID!MECOBALAMIN,ABA TABS UNCOAT REGULAR ORD,OTHER,VIRTUS PHARMA,LEVOMEFOLATE CAL/NAC,76439040290 TAB 90,LEVOMEFOLATE CAL/NAC 02/2018 VRU,O ORALS,"OS ORALS,SOLID","OSR ORALS,SOL,TAB/CAP RE",N/A,TAB 90,90,1,Orig Manf,DELSYS NOT APPLICABLE,DELSYS NOT APPLICABLE,A SYSTEMIC ORAL SOLID REG,AB TABS UNCOATED REGULAR,48100 HEMATINICS,B03X0 OTH ANTI-ANAE+FOLIC ACID,,,,,,"$373,348","$125,411",,,,,,"1,849",640,,,,,,"166,410","57,600"
ACETYLCYSTEINE!FOLIC ACID!MECOBALAMIN,ACA TABS COATED REGULAR ORD,BRANDED GENERIC,BRECKENRIDGE,METAFOLBIC PLUS RF,51991091190 TAB FC 6-600-2MG 90,METAFOLBIC PLUS RF 07/2013 BKR,O ORALS,"OS ORALS,SOLID","OSR ORALS,SOL,TAB/CAP RE",6-600-2MG,TAB FC 6-600-2MG 90,90,1,Orig Manf,DELSYS NOT APPLICABLE,DELSYS NOT APPLICABLE,A SYSTEMIC ORAL SOLID REG,AC TABS COATED REGULAR,48100 HEMATINICS,N06E0 NEUROTONICS+OTHER PREPS,"$217,441","$707,653","$898,522","$997,908","$1,226,894","$859,654","$249,967",975,"3,062","4,164","4,706","5,055","3,800","1,142","87,750","275,580","374,760","423,540","454,950","342,000","102,780"
ACETYLCYSTEINE!FOLIC ACID!MECOBALAMIN,ACA TABS COATED REGULAR ORD,BRANDED GENERIC,MACOVEN PHARM,ALZ-NAC,44183002090 TAB FC 600-2-6MG 90,ALZ-NAC 12/2011 MV.,O ORALS,"OS ORALS,SOLID","OSR ORALS,SOL,TAB/CAP RE",600-2-6MG,TAB FC 600-2-6MG 90,90,1,Orig Manf,DELSYS NOT APPLICABLE,DELSYS NOT APPLICABLE,A SYSTEMIC ORAL SOLID REG,AC TABS COATED REGULAR,48100 HEMATINICS,B03X0 OTH ANTI-ANAE+FOLIC ACID,"$934,933","$21,530",,,,,,"6,043",136,,,,,,"543,870","12,240",,,,,
ACETYLCYSTEINE!FOLIC ACID!MECOBALAMIN,ACA TABS COATED REGULAR ORD,OTHER,BRECKENRIDGE,METAFOLBIC PLUS,51991081190 TAB FC 600-2-6MG 90,METAFOLBIC PLUS 12/2012 BKR,O ORALS,"OS ORALS,SOLID","OSR ORALS,SOL,TAB/CAP RE",600-2-6MG,TAB FC 600-2-6MG 90,90,1,Orig Manf,DELSYS NOT APPLICABLE,DELSYS NOT APPLICABLE,A SYSTEMIC ORAL SOLID REG,AC TABS COATED REGULAR,48100 HEMATINICS,A11X9 ALL OTHER VITAMINS,"$1,178,230","$1,350,299","$1,107,673","$834,260","$563,114","$492,667","$154,489","7,375","10,076","8,793","6,565","4,769","4,274","1,364","663,750","906,840","791,370","590,850","429,210","384,660","122,760"
IMATINIB,ACA TABS COATED REGULAR ORD,BRAND,NOVARTIS RX,GLEEVEC,00078040134 TAB FC 100MG 90,GLEEVEC 05/2001 NVR,O ORALS,"OS ORALS,SOLID","OSR ORALS,SOL,TAB/CAP RE",100MG,TAB FC 100MG 90,90,1,Orig Manf,DELSYS NOT APPLICABLE,DELSYS NOT APPLICABLE,A SYSTEMIC ORAL SOLID REG,AC TABS COATED REGULAR,35100 ENZYME INHIBITORS,L01H1 PKI A-NEOPLASTIC BCR-ABL,"$246,982,171","$434,834,742","$450,141,064","$222,266,218","$142,624,903","$89,138,434","$23,764,500","46,815","69,621","60,834","30,128","19,919","13,542","3,663","4,213,350","6,265,890","5,475,060","2,711,520","1,792,710","1,218,780","329,670"
IMATINIB,ACA TABS COATED REGULAR ORD,BRAND,NOVARTIS RX,GLEEVEC,00078043815 TAB DIVIDED 400MG 30,GLEEVEC 05/2001 NVR,O ORALS,"OS ORALS,SOLID","OSR ORALS,SOL,TAB/CAP RE",400MG,TAB DIVIDED 400MG 30,30,1,Orig Manf,DELSYS NOT APPLICABLE,DELSYS NOT APPLICABLE,A SYSTEMIC ORAL SOLID REG,AC TABS COATED REGULAR,35100 ENZYME INHIBITORS,L01H1 PKI A-NEOPLASTIC BCR-ABL,"$1,133,863,228","$2,026,860,072","$380,980,332","$4,709,838","$11,901","$11,106",,"177,503","267,358","43,034",496,1,1,,"5,325,090","8,020,740","1,291,020","14,880",30,30,
IMATINIB,ACA TABS COATED REGULAR ORD,BRAND,NOVARTIS RX,GLEEVEC,00078064930 TAB FC 400MG 30UD,GLEEVEC 05/2001 NVR,O ORALS,"OS ORALS,SOLID","OSR ORALS,SOL,TAB/CAP RE",400MG,TAB FC 400MG 30UD,30,1,Orig Manf,DELSYS NOT APPLICABLE,DELSYS NOT APPLICABLE,A SYSTEMIC ORAL SOLID REG,AC TABS COATED REGULAR,35100 ENZYME INHIBITORS,L01H1 PKI A-NEOPLASTIC BCR-ABL,,,"$1,657,456,527","$935,176,278","$598,290,698","$356,965,588","$91,274,099",,,"184,519","103,225","66,783","41,660","11,172",,,"5,535,570","3,096,750","2,003,490","1,249,800","335,160"
IMATINIB,ACA TABS COATED REGULAR ORD,GENERIC,AMERICAN HLTH PKG,IMATINIB MESY,60687019221 TAB FC 100MG 30UD,IMATINIB MESY 03/2016 AHE,O ORALS,"OS ORALS,SOLID","OSR ORALS,SOL,TAB/CAP RE",100MG,TAB FC 100MG 30UD,30,1,Orig Manf,DELSYS NOT APPLICABLE,DELSYS NOT APPLICABLE,A SYSTEMIC ORAL SOLID REG,AC TABS COATED REGULAR,35100 ENZYME INHIBITORS,L01H1 PKI A-NEOPLASTIC BCR-ABL,,,,"$1,285,236","$2,170,676","$1,343,045","$411,926",,,,592,"1,440","1,042",318,,,,"17,760","43,200","31,260","9,540"
IMATINIB,ACA TABS COATED REGULAR ORD,GENERIC,AMERICAN HLTH PKG,IMATINIB MESY,60687020325 TAB FC 400MG 30UD,IMATINIB MESY 03/2016 AHE,O ORALS,"OS ORALS,SOLID","OSR ORALS,SOL,TAB/CAP RE",400MG,TAB FC 400MG 30UD,30,1,Orig Manf,DELSYS NOT APPLICABLE,DELSYS NOT APPLICABLE,A SYSTEMIC ORAL SOLID REG,AC TABS COATED REGULAR,35100 ENZYME INHIBITORS,L01H1 PKI A-NEOPLASTIC BCR-ABL,,,,"$3,295,257","$2,589,563","$1,507,003","$521,503",,,,444,537,379,131,,,,"13,320","16,110","11,370","3,930"
IMATINIB,ACA TABS COATED REGULAR ORD,GENERIC,APOTEX CORP,IMATINIB MESY,60505290009 TAB FC 100MG 90,IMATINIB MESY 08/2016 ATX,O ORALS,"OS ORALS,SOLID","OSR ORALS,SOL,TAB/CAP RE",100MG,TAB FC 100MG 90,90,1,Orig Manf,DELSYS NOT APPLICABLE,DELSYS NOT APPLICABLE,A SYSTEMIC ORAL SOLID REG,AC TABS COATED REGULAR,35100 ENZYME INHIBITORS,L01H1 PKI A-NEOPLASTIC BCR-ABL,,,,"$10,820,655","$26,217,232","$7,583,794","$1,644,136",,,,"3,002","12,630","15,260","4,582",,,,"270,180","1,136,700","1,373,400","412,380"
IMATINIB,ACA TABS COATED REGULAR ORD,GENERIC,APOTEX CORP,IMATINIB MESY,60505290103 TAB FC 400MG 30,IMATINIB MESY 08/2016 ATX,O ORALS,"OS ORALS,SOLID","OSR ORALS,SOL,TAB/CAP RE",400MG,TAB FC 400MG 30,30,1,Orig Manf,DELSYS NOT APPLICABLE,DELSYS NOT APPLICABLE,A SYSTEMIC ORAL SOLID REG,AC TABS COATED REGULAR,35100 ENZYME INHIBITORS,L01H1 PKI A-NEOPLASTIC BCR-ABL,,,,"$47,485,660","$122,733,930","$35,158,697","$8,050,529",,,,"11,381","50,797","61,104","19,223",,,,"341,430","1,523,910","1,833,120","576,690"
IMATINIB,ACA TABS COATED REGULAR ORD,GENERIC,ASCEND LABS,IMATINIB MESY,67877063390 TAB FC 100MG 90,IMATINIB MESY 03/2019 A7L,O ORALS,"OS ORALS,SOLID","OSR ORALS,SOL,TAB/CAP RE",100MG,TAB FC 100MG 90,90,1,Orig Manf,DELSYS NOT APPLICABLE,DELSYS NOT APPLICABLE,A SYSTEMIC ORAL SOLID REG,AC TABS COATED REGULAR,35100 ENZYME INHIBITORS,L01H1 PKI A-NEOPLASTIC BCR-ABL,,,,,,,"$1,005",,,,,,,3,,,,,,,270
IMATINIB,ACA TABS COATED REGULAR ORD,GENERIC,ASCEND LABS,IMATINIB MESY,67877063430 TAB FC 400MG 30,IMATINIB MESY 03/2019 A7L,O ORALS,"OS ORALS,SOLID","OSR ORALS,SOL,TAB/CAP RE",400MG,TAB FC 400MG 30,30,1,Orig Manf,DELSYS NOT APPLICABLE,DELSYS NOT APPLICABLE,A SYSTEMIC ORAL SOLID REG,AC TABS COATED REGULAR,35100 ENZYME INHIBITORS,L01H1 PKI A-NEOPLASTIC BCR-ABL,,,,,,,"$12,610",,,,,,,45,,,,,,,"1,350"
IMATINIB,ACA TABS COATED REGULAR ORD,GENERIC,AV KARE INC,IMATINIB MESY,42291035190 TAB FC 100MG 90,IMATINIB MESY 09/2016 AVK,O ORALS,"OS ORALS,SOLID","OSR ORALS,SOL,TAB/CAP RE",100MG,TAB FC 100MG 90,90,1,Orig Manf,DELSYS NOT APPLICABLE,DELSYS NOT APPLICABLE,A SYSTEMIC ORAL SOLID REG,AC TABS COATED REGULAR,35100 ENZYME INHIBITORS,L01H1 PKI A-NEOPLASTIC BCR-ABL,,,,"$265,122","$767,940","$27,133",,,,,76,228,9,,,,,"6,840","20,520",810,
IMATINIB,ACA TABS COATED REGULAR ORD,GENERIC,AV KARE INC,IMATINIB MESY,42291035230 TAB FC 400MG 30,IMATINIB MESY 09/2016 AVK,O ORALS,"OS ORALS,SOLID","OSR ORALS,SOL,TAB/CAP RE",400MG,TAB FC 400MG 30,30,1,Orig Manf,DELSYS NOT APPLICABLE,DELSYS NOT APPLICABLE,A SYSTEMIC ORAL SOLID REG,AC TABS COATED REGULAR,35100 ENZYME INHIBITORS,L01H1 PKI A-NEOPLASTIC BCR-ABL,,,,"$373,448","$856,859","$4,973",,,,,82,182,1,,,,,"2,460","5,460",30,
IMATINIB,ACA TABS COATED REGULAR ORD,GENERIC,AVPAK,IMATINIB MESY,50268042612 TAB 100MG 20UD,IMATINIB MESY 02/2018 A8K,O ORALS,"OS ORALS,SOLID","OSR ORALS,SOL,TAB/CAP RE",100MG,TAB 100MG 20UD,20,1,Orig Manf,DELSYS NOT APPLICABLE,DELSYS NOT APPLICABLE,A SYSTEMIC ORAL SOLID REG,AC TABS COATED REGULAR,35100 ENZYME INHIBITORS,L01H1 PKI A-NEOPLASTIC BCR-ABL,,,,,,"$47,227","$8,240",,,,,,37,6,,,,,,740,120
IMATINIB,ACA TABS COATED REGULAR ORD,GENERIC,AVPAK,IMATINIB MESY,50268042712 TAB 400MG 20UD,IMATINIB MESY 02/2018 A8K,O ORALS,"OS ORALS,SOLID","OSR ORALS,SOL,TAB/CAP RE",400MG,TAB 400MG 20UD,20,1,Orig Manf,DELSYS NOT APPLICABLE,DELSYS NOT APPLICABLE,A SYSTEMIC ORAL SOLID REG,AC TABS COATED REGULAR,35100 ENZYME INHIBITORS,L01H1 PKI A-NEOPLASTIC BCR-ABL,,,,,,"$48,410","$33,905",,,,,,11,8,,,,,,220,160
IMATINIB,ACA TABS COATED REGULAR ORD,GENERIC,DR REDDY'S LAB,IMATINIB MESY,43598034490 TAB FC 100MG 90,IMATINIB MESY 10/2018 DRL,O ORALS,"OS ORALS,SOLID","OSR ORALS,SOL,TAB/CAP RE",100MG,TAB FC 100MG 90,90,1,Orig Manf,DELSYS NOT APPLICABLE,DELSYS NOT APPLICABLE,A SYSTEMIC ORAL SOLID REG,AC TABS COATED REGULAR,35100 ENZYME INHIBITORS,L01H1 PKI A-NEOPLASTIC BCR-ABL,,,,,,"$36,932","$87,524",,,,,,119,305,,,,,,"10,710","27,450"
IMATINIB,ACA TABS COATED REGULAR ORD,GENERIC,DR REDDY'S LAB,IMATINIB MESY,43598034530 TAB FC 400MG 30,IMATINIB MESY 10/2018 DRL,O ORALS,"OS ORALS,SOLID","OSR ORALS,SOL,TAB/CAP RE",400MG,TAB FC 400MG 30,30,1,Orig Manf,DELSYS NOT APPLICABLE,DELSYS NOT APPLICABLE,A SYSTEMIC ORAL SOLID REG,AC TABS COATED REGULAR,35100 ENZYME INHIBITORS,L01H1 PKI A-NEOPLASTIC BCR-ABL,,,,,,"$331,452","$730,273",,,,,,"1,154","2,632",,,,,,"34,620","78,960"
IMATINIB,ACA TABS COATED REGULAR ORD,GENERIC,GSMS INC.,IMATINIB MESY,60429092590 TAB FC 100MG 90,IMATINIB MESY 02/2017 G.M,O ORALS,"OS ORALS,SOLID","OSR ORALS,SOL,TAB/CAP RE",100MG,TAB FC 100MG 90,90,1,Orig Manf,DELSYS NOT APPLICABLE,DELSYS NOT APPLICABLE,A SYSTEMIC ORAL SOLID REG,AC TABS COATED REGULAR,35100 ENZYME INHIBITORS,L01H1 PKI A-NEOPLASTIC BCR-ABL,,,,,"$355,104","$499,819","$89,134",,,,,345,486,137,,,,,"31,050","43,740","12,330"
IMATINIB,ACA TABS COATED REGULAR ORD,GENERIC,GSMS INC.,IMATINIB MESY,60429092630 TAB FC 400MG 30,IMATINIB MESY 02/2017 G.M,O ORALS,"OS ORALS,SOLID","OSR ORALS,SOL,TAB/CAP RE",400MG,TAB FC 400MG 30,30,1,Orig Manf,DELSYS NOT APPLICABLE,DELSYS NOT APPLICABLE,A SYSTEMIC ORAL SOLID REG,AC TABS COATED REGULAR,35100 ENZYME INHIBITORS,L01H1 PKI A-NEOPLASTIC BCR-ABL,,,,,"$1,754,087","$2,296,923","$494,550",,,,,"1,434","1,855",593,,,,,"43,020","55,650","17,790"
IMATINIB,ACA TABS COATED REGULAR ORD,GENERIC,HIKMA PHARMACEUT,IMATINIB MESY,00054024822 TAB FC 100MG 90,IMATINIB MESY 11/2018 HKM,O ORALS,"OS ORALS,SOLID","OSR ORALS,SOL,TAB/CAP RE",100MG,TAB FC 100MG 90,90,1,Orig Manf,DELSYS NOT APPLICABLE,DELSYS NOT APPLICABLE,A SYSTEMIC ORAL SOLID REG,AC TABS COATED REGULAR,35100 ENZYME INHIBITORS,L01H1 PKI A-NEOPLASTIC BCR-ABL,,,,,,"$14,950","$73,252",,,,,,65,229,,,,,,"5,850","20,610"
IMATINIB,ACA TABS COATED REGULAR ORD,GENERIC,HIKMA PHARMACEUT,IMATINIB MESY,00054024913 TAB FC 400MG 30,IMATINIB MESY 11/2018 HKM,O ORALS,"OS ORALS,SOLID","OSR ORALS,SOL,TAB/CAP RE",400MG,TAB FC 400MG 30,30,1,Orig Manf,DELSYS NOT APPLICABLE,DELSYS NOT APPLICABLE,A SYSTEMIC ORAL SOLID REG,AC TABS COATED REGULAR,35100 ENZYME INHIBITORS,L01H1 PKI A-NEOPLASTIC BCR-ABL,,,,,,"$30,280","$239,287",,,,,,153,705,,,,,,"4,590","21,150"
IMATINIB,ACA TABS COATED REGULAR ORD,GENERIC,MYLAN,IMATINIB MESY,00378224577 TAB FC 100MG 90,IMATINIB MESY 12/2017 MYN,O ORALS,"OS ORALS,SOLID","OSR ORALS,SOL,TAB/CAP RE",100MG,TAB FC 100MG 90,90,1,Orig Manf,DELSYS NOT APPLICABLE,DELSYS NOT APPLICABLE,A SYSTEMIC ORAL SOLID REG,AC TABS COATED REGULAR,35100 ENZYME INHIBITORS,L01H1 PKI A-NEOPLASTIC BCR-ABL,,,,,"$2,182","$601,294","$102,169",,,,,1,"1,475",378,,,,,90,"132,750","34,020"
IMATINIB,ACA TABS COATED REGULAR ORD,GENERIC,MYLAN,IMATINIB MESY,00378224693 TAB FC 400MG 30,IMATINIB MESY 12/2017 MYN,O ORALS,"OS ORALS,SOLID","OSR ORALS,SOL,TAB/CAP RE",400MG,TAB FC 400MG 30,30,1,Orig Manf,DELSYS NOT APPLICABLE,DELSYS NOT APPLICABLE,A SYSTEMIC ORAL SOLID REG,AC TABS COATED REGULAR,35100 ENZYME INHIBITORS,L01H1 PKI A-NEOPLASTIC BCR-ABL,,,,,"$51,038","$6,048,664","$316,806",,,,,23,"13,472",928,,,,,690,"404,160","27,840"
IMATINIB,ACA TABS COATED REGULAR ORD,GENERIC,MYLAN INSTITUTION,IMATINIB MESY,42292004303 TAB FC 100MG 30UD,IMATINIB MESY 12/2017 M/I,O ORALS,"OS ORALS,SOLID","OSR ORALS,SOL,TAB/CAP RE",100MG,TAB FC 100MG 30UD,30,1,Orig Manf,DELSYS NOT APPLICABLE,DELSYS NOT APPLICABLE,A SYSTEMIC ORAL SOLID REG,AC TABS COATED REGULAR,35100 ENZYME INHIBITORS,L01H1 PKI A-NEOPLASTIC BCR-ABL,,,,,"$50,471","$186,163","$15,844",,,,,28,105,9,,,,,840,"3,150",270
IMATINIB,ACA TABS COATED REGULAR ORD,GENERIC,MYLAN INSTITUTION,IMATINIB MESY,42292004401 TAB FC 400MG 1UD,IMATINIB MESY 12/2017 M/I,O ORALS,"OS ORALS,SOLID","OSR ORALS,SOL,TAB/CAP RE",400MG,TAB FC 400MG 1UD,1,1,Orig Manf,DELSYS NOT APPLICABLE,DELSYS NOT APPLICABLE,A SYSTEMIC ORAL SOLID REG,AC TABS COATED REGULAR,35100 ENZYME INHIBITORS,L01H1 PKI A-NEOPLASTIC BCR-ABL,,,,,,"$23,820",,,,,,,146,,,,,,,146,
IMATINIB,ACA TABS COATED REGULAR ORD,GENERIC,MYLAN INSTITUTION,IMATINIB MESY,42292004403 TAB FC 400MG 30UD,IMATINIB MESY 12/2017 M/I,O ORALS,"OS ORALS,SOLID","OSR ORALS,SOL,TAB/CAP RE",400MG,TAB FC 400MG 30UD,30,1,Orig Manf,DELSYS NOT APPLICABLE,DELSYS NOT APPLICABLE,A SYSTEMIC ORAL SOLID REG,AC TABS COATED REGULAR,35100 ENZYME INHIBITORS,L01H1 PKI A-NEOPLASTIC BCR-ABL,,,,,"$24,823","$286,616",,,,,,4,49,,,,,,120,"1,470",
IMATINIB,ACA TABS COATED REGULAR ORD,GENERIC,NORTHSTAR RX,IMATINIB MESY,16714070401 TAB FC 100MG 90,IMATINIB MESY 03/2018 NOS,O ORALS,"OS ORALS,SOLID","OSR ORALS,SOL,TAB/CAP RE",100MG,TAB FC 100MG 90,90,1,Orig Manf,DELSYS NOT APPLICABLE,DELSYS NOT APPLICABLE,A SYSTEMIC ORAL SOLID REG,AC TABS COATED REGULAR,35100 ENZYME INHIBITORS,L01H1 PKI A-NEOPLASTIC BCR-ABL,,,,,,"$1,611,141","$770,545",,,,,,"2,313","1,288",,,,,,"208,170","115,920"
IMATINIB,ACA TABS COATED REGULAR ORD,GENERIC,NORTHSTAR RX,IMATINIB MESY,16714070501 TAB FC 400MG 30,IMATINIB MESY 03/2018 NOS,O ORALS,"OS ORALS,SOLID","OSR ORALS,SOL,TAB/CAP RE",400MG,TAB FC 400MG 30,30,1,Orig Manf,DELSYS NOT APPLICABLE,DELSYS NOT APPLICABLE,A SYSTEMIC ORAL SOLID REG,AC TABS COATED REGULAR,35100 ENZYME INHIBITORS,L01H1 PKI A-NEOPLASTIC BCR-ABL,,,,,,"$5,414,342","$2,105,638",,,,,,"8,629","4,196",,,,,,"258,870","125,880"
IMATINIB,ACA TABS COATED REGULAR ORD,GENERIC,SUN PHARMACEUTICAL,IMATINIB MESY,47335047281 TAB FC 100MG 90,IMATINIB MESY 02/2016 SPI,O ORALS,"OS ORALS,SOLID","OSR ORALS,SOL,TAB/CAP RE",100MG,TAB FC 100MG 90,90,1,Orig Manf,DELSYS NOT APPLICABLE,DELSYS NOT APPLICABLE,A SYSTEMIC ORAL SOLID REG,AC TABS COATED REGULAR,35100 ENZYME INHIBITORS,L01H1 PKI A-NEOPLASTIC BCR-ABL,,,,"$101,363,334","$40,481,668","$7,919,442","$896,211",,,,"21,137","17,508","8,190","2,456",,,,"1,902,330","1,575,720","737,100","221,040"
IMATINIB,ACA TABS COATED REGULAR ORD,GENERIC,SUN PHARMACEUTICAL,IMATINIB MESY,47335047583 TAB FC 400MG 30,IMATINIB MESY 02/2016 SPI,O ORALS,"OS ORALS,SOLID","OSR ORALS,SOL,TAB/CAP RE",400MG,TAB FC 400MG 30,30,1,Orig Manf,DELSYS NOT APPLICABLE,DELSYS NOT APPLICABLE,A SYSTEMIC ORAL SOLID REG,AC TABS COATED REGULAR,35100 ENZYME INHIBITORS,L01H1 PKI A-NEOPLASTIC BCR-ABL,,,,"$446,272,708","$191,738,461","$33,661,510","$3,834,625",,,,"78,439","72,815","30,806","8,173",,,,"2,353,170","2,184,450","924,180","245,190"
IMATINIB,ACA TABS COATED REGULAR ORD,GENERIC,TEVA PHARMACEUTICA,IMATINIB MESY,00093762998 TAB FC 100MG 90,IMATINIB MESY 08/2016 TEV,O ORALS,"OS ORALS,SOLID","OSR ORALS,SOL,TAB/CAP RE",100MG,TAB FC 100MG 90,90,1,Orig Manf,DELSYS NOT APPLICABLE,DELSYS NOT APPLICABLE,A SYSTEMIC ORAL SOLID REG,AC TABS COATED REGULAR,35100 ENZYME INHIBITORS,L01H1 PKI A-NEOPLASTIC BCR-ABL,,,,"$4,185,785","$15,000,349","$19,577,942","$4,028,481",,,,"1,163","5,253","13,787","4,781",,,,"104,670","472,770","1,240,830","430,290"
IMATINIB,ACA TABS COATED REGULAR ORD,GENERIC,TEVA PHARMACEUTICA,IMATINIB MESY,00093763056 TAB FC 400MG 30,IMATINIB MESY 08/2016 TEV,O ORALS,"OS ORALS,SOLID","OSR ORALS,SOL,TAB/CAP RE",400MG,TAB FC 400MG 30,30,1,Orig Manf,DELSYS NOT APPLICABLE,DELSYS NOT APPLICABLE,A SYSTEMIC ORAL SOLID REG,AC TABS COATED REGULAR,35100 ENZYME INHIBITORS,L01H1 PKI A-NEOPLASTIC BCR-ABL,,,,"$18,330,151","$63,754,374","$85,998,183","$16,637,039",,,,"4,216","20,115","55,663","19,897",,,,"126,480","603,450","1,669,890","596,910"
