"ProductNameLong","Description","CompanyName","PackageIdentifier","TypeName","SpecificProductID","SpecificDrugProductID","GenericDrugProductID","EquivalenceCodes","BrandGenericStatus","LicenseTypeName","LegendStatus","MarketStatus","OffMarketDate","Repackaged","PrivateLabel","DEAClassification","ReplacedByPackageID","MarketClasses","PackageSize","Ingredients","OnMarketDate","WACBeginDate","WACPrice","WACPriceChange","WACUnitPrice"
"Tizanidine Hydrochloride 2mg Tablet","bottle, 150 each Tizanidine HCl 2mg, Oral tablet","Sun Pharmaceutical Industries, Inc.","57664-0502-89","NDC",318,298,183,"AB","Generic","aNDA","Rx","On",,"No","No","NA",,"Muscle Relaxants, Centrally Acting, Plain (Oral)",150.0000,"(1488) Tizanidine Hydrochloride","2004-04-07 00:00:00","2019-08-26","24.99","(-) 39.12","0.16660"
"Tizanidine Hydrochloride 4mg Tablet","bottle, 150 each Tizanidine HCl 4mg, Oral tablet","Sun Pharmaceutical Industries, Inc.","57664-0503-89","NDC",319,299,183,"AB","Generic","aNDA","Rx","On",,"No","No","NA",,"Muscle Relaxants, Centrally Acting, Plain (Oral)",150.0000,"(1488) Tizanidine Hydrochloride","2004-04-07 00:00:00","2019-08-26","30.49","(-) 38.02","0.20327"
"Bisacodyl 10mg Rectal Suppository","box, 1 suppository strips, 50 each Bisacodyl 10mg, Rectal suppository","Paddock Laboratories Inc, a Perrigo Family","00574-7050-50","NDC",3528,2864,1892,"NA","Generic","OTC Tent","OTC","On",,"No","No","NA",,"Contact/Stimulant Laxatives (Rectal)",50.0000,"(271) Bisacodyl","2005-01-27 18:47:47","2019-08-28","13.12","(+) 100.00","0.26240"
"Bisacodyl 10mg Rectal Suppository","box, 1 suppository strips, 12 each Bisacodyl 10mg, Rectal suppository","Paddock Laboratories Inc, a Perrigo Family","00574-7050-12","NDC",3528,2864,1892,"NA","Generic","OTC Tent","OTC","On",,"No","No","NA",,"Contact/Stimulant Laxatives (Rectal)",12.0000,"(271) Bisacodyl","2005-01-27 00:00:00","2019-08-28","4.24","(+) 100.00","0.35333"
"Tizanidine Hydrochloride 2mg Tablet","bottle, 1,000 each Tizanidine HCl 2mg, Oral tablet","Sun Pharmaceutical Industries, Inc.","57664-0502-18","NDC",318,298,183,"AB","Generic","aNDA","Rx","On",,"No","No","NA",,"Muscle Relaxants, Centrally Acting, Plain (Oral)",1000.0000,"(1488) Tizanidine Hydrochloride","2006-07-12 00:00:00","2019-08-26","166.83","(-) 39.03","0.16683"
"Tizanidine Hydrochloride 4mg Tablet","bottle, 1,000 each Tizanidine HCl 4mg, Oral tablet","Sun Pharmaceutical Industries, Inc.","57664-0503-18","NDC",319,299,183,"AB","Generic","aNDA","Rx","On",,"No","No","NA",,"Muscle Relaxants, Centrally Acting, Plain (Oral)",1000.0000,"(1488) Tizanidine Hydrochloride","2006-07-12 00:00:00","2019-08-26","203.28","(-) 38.02","0.20328"
"Rivastigmine Tartrate 1.5mg Capsule","bottle, 60 each Rivastigmine Tartrate 1.5mg, Oral capsule","Sun Pharmaceutical Industries, Inc.","62756-0145-86","NDC",1597,1435,838,"AB","Generic","aNDA","Rx","On",,"No","No","NA",,"Anti-AlzheimerAgents, Cholinesterase Inhibitors (Oral)",60.0000,"(2391) Rivastigmine Tartrate","2010-07-01 00:00:00","2019-08-26","35.00","(-) 72.00","0.58333"
"Rivastigmine Tartrate 3mg Capsule","bottle, 60 each Rivastigmine Tartrate 3mg, Oral capsule","Sun Pharmaceutical Industries, Inc.","62756-0146-86","NDC",1598,1436,838,"AB","Generic","aNDA","Rx","On",,"No","No","NA",,"Anti-AlzheimerAgents, Cholinesterase Inhibitors (Oral)",60.0000,"(2391) Rivastigmine Tartrate","2010-07-01 00:00:00","2019-08-26","35.00","(-) 72.00","0.58333"
"Rivastigmine Tartrate 4.5mg Capsule","bottle, 60 each Rivastigmine Tartrate 4.5mg, Oral capsule","Sun Pharmaceutical Industries, Inc.","62756-0147-86","NDC",1599,1437,838,"AB","Generic","aNDA","Rx","On",,"No","No","NA",,"Anti-AlzheimerAgents, Cholinesterase Inhibitors (Oral)",60.0000,"(2391) Rivastigmine Tartrate","2010-07-01 00:00:00","2019-08-26","35.00","(-) 72.00","0.58333"
"Rivastigmine Tartrate 6mg Capsule","bottle, 60 each Rivastigmine Tartrate 6mg, Oral capsule","Sun Pharmaceutical Industries, Inc.","62756-0148-86","NDC",1596,1434,838,"AB","Generic","aNDA","Rx","On",,"No","No","NA",,"Anti-AlzheimerAgents, Cholinesterase Inhibitors (Oral)",60.0000,"(2391) Rivastigmine Tartrate","2010-07-01 00:00:00","2019-08-26","35.00","(-) 72.00","0.58333"
"Chlordiazepoxide Hydrochloride/Clidinium Bromide 5mg-2.5mg Capsule","bottle, 100 each Chlordiazepoxide HCl 5mg, Clidinium Br 2.5mg, Oral capsule","Virtus Pharmaceuticals","76439-0302-10","NDC",1581,1421,829,"NA","Generic","Unapproved Drug","Rx","On",,"No","No","NA",,"Anticholinergic and Psycholeptic Combinations (Oral)",100.0000,"(805) Chlordiazepoxide Hydrochloride; (877) Clidinium Bromide","2012-06-08 00:00:00","2019-08-23","80.00","(-) 61.16","0.80000"
"Niacin 500mg Extended-Release Tablet","bottle, 90 each Niacin (Vit B3) 500mg, Oral tablet, extended release","Sun Pharmaceutical Industries, Inc.","47335-0539-81","NDC",3973,3181,2156,"AB","Generic","aNDA","Rx","On",,"No","No","NA",,"Niacin/Vitamin B3 Supplements (Oral); Antilipemic Nicotinic Acid and Derivatives (Oral)",90.0000,"(2031) Niacin","2014-07-01 00:00:00","2019-08-26","72.00","(-) 50.00","0.80000"
"Niacin 750mg Extended-Release Tablet","bottle, 90 each Niacin (Vit B3) 750mg, Oral tablet, extended release","Sun Pharmaceutical Industries, Inc.","47335-0614-81","NDC",3976,3184,2156,"AB","Generic","aNDA","Rx","On",,"No","No","NA",,"Niacin/Vitamin B3 Supplements (Oral); Antilipemic Nicotinic Acid and Derivatives (Oral)",90.0000,"(2031) Niacin","2014-07-01 00:00:00","2019-08-26","110.00","(-) 46.60","1.22222"
"Niacin 1000mg Extended-Release Tablet","bottle, 90 each Niacin (Vit B3) 1,000mg, Oral tablet, extended release","Sun Pharmaceutical Industries, Inc.","47335-0613-81","NDC",3961,3171,2156,"AB","Generic","aNDA","Rx","On",,"No","No","NA",,"Antilipemic Nicotinic Acid and Derivatives (Oral)",90.0000,"(2031) Niacin","2014-07-01 00:00:00","2019-08-26","115.00","(-) 54.90","1.27778"
"Ranitidine Hydrochloride 300mg Tablet  ","bottle, 30 each Ranitidine HCl 300mg, Oral tablet","AvKARE, Inc.","42291-0725-30","NDC",209,198,125,"AB","Generic","aNDA","Rx","On",,"No","No","NA",,"H2 Antagonists (Oral)",30.0000,"(2350) Ranitidine Hydrochloride","2014-08-19 00:00:00","2019-08-26","4.52","(+) 9.70","0.15067"
"Ranitidine Hydrochloride 300mg Tablet  ","bottle, 250 each Ranitidine HCl 300mg, Oral tablet","AvKARE, Inc.","42291-0725-25","NDC",209,198,125,"AB","Generic","aNDA","Rx","On",,"No","No","NA",,"H2 Antagonists (Oral)",250.0000,"(2350) Ranitidine Hydrochloride","2014-08-19 00:00:00","2019-08-26","37.53","(+) 44.29","0.15012"
"Ranitidine Hydrochloride 150mg Tablet","bottle, 60 each Ranitidine HCl 150mg, Oral tablet","AvKARE, Inc.","42291-0724-60","NDC",208,197,125,"AB","Generic","aNDA","Rx","On",,"No","No","NA",,"H2 Antagonists (Oral)",60.0000,"(2350) Ranitidine Hydrochloride","2014-08-19 00:00:00","2019-08-26","4.51","(+) 15.93","0.07517"
"Ranitidine Hydrochloride 150mg Tablet","bottle, 1,000 each Ranitidine HCl 150mg, Oral tablet","AvKARE, Inc.","42291-0724-10","NDC",208,197,125,"AB","Generic","aNDA","Rx","On",,"No","No","NA",,"H2 Antagonists (Oral)",1000.0000,"(2350) Ranitidine Hydrochloride","2014-08-19 00:00:00","2019-08-26","66.58","(+) 41.71","0.06658"
"Ranitidine Hydrochloride 150mg Tablet","bottle, 180 each Ranitidine HCl 150mg, Oral tablet","AvKARE, Inc.","42291-0724-18","NDC",208,197,125,"AB","Generic","aNDA","Rx","On",,"No","No","NA",,"H2 Antagonists (Oral)",180.0000,"(2350) Ranitidine Hydrochloride","2014-08-19 00:00:00","2019-08-26","11.94","(+) 1.70","0.06633"
"Labetalol Hydrochloride 100mg Tablet","bottle, 100 each Labetalol HCl 100mg, Oral tablet","County Line Pharmaceuticals a Div of Alvogen Group","43199-0037-01","NDC",957,874,34,"AB","Generic","AG","Rx","Off","2020-05-31 00:00:00","No","No","NA","47781-0552-01","Beta-Blockers with Alpha Blockade (Oral)",100.0000,"(1638) Labetalol Hydrochloride","2014-12-01 00:00:00","2019-08-27","194.69","(+) 374.39","1.94690"
"Progesterone 100mg Capsule","bottle, 100 each Progesterone 100mg, Oral capsule","Virtus Pharmaceuticals","69543-0374-10","NDC",7560,5681,3765,"AB","Generic","AG","Rx","On",,"No","No","NA",,"Other Infertility Agents (Oral)",100.0000,"(2280) Progesterone","2016-07-07 00:00:00","2019-08-23","60.00","(-) 38.94","0.60000"
"Progesterone 200mg Capsule","bottle, 100 each Progesterone 200mg, Oral capsule","Virtus Pharmaceuticals","69543-0375-10","NDC",7575,5689,3765,"AB","Generic","AG","Rx","On",,"No","No","NA",,"Other Infertility Agents (Oral)",100.0000,"(2280) Progesterone","2016-07-07 00:00:00","2019-08-23","80.00","(-) 57.26","0.80000"
"Potassium Chloride 20mEq Powder for Solution","box, 100 pouches, 1 each Potassium Cl 20mEq, Powder for oral solution","Virtus Pharmaceuticals","69543-0379-10","NDC",2821,2338,1501,"AA","Generic","AG","Rx","On",,"No","No","NA",,"Potassium Supplements (Oral)",100.0000,"(2501) Potassium Chloride","2017-01-03 00:00:00","2019-08-23","460.00","(-) 36.20","4.60000"
"Potassium Chloride 20mEq Powder for Solution","box, 30 pouches, 1 each Potassium Cl 20mEq, Powder for oral solution","Virtus Pharmaceuticals","69543-0379-30","NDC",2821,2338,1501,"AA","Generic","AG","Rx","On",,"No","No","NA",,"Potassium Supplements (Oral)",30.0000,"(2501) Potassium Chloride","2017-01-03 00:00:00","2019-08-23","140.00","(-) 38.51","4.66667"
"Potassium Chloride 20mEq Powder for Solution","pouch, 1 each Potassium Cl 20mEq, Powder for oral solution","Virtus Pharmaceuticals","69543-0379-01","NDC",2821,2338,1501,"AA","Generic","AG","Rx","On",,"No","No","NA",,"Potassium Supplements (Oral)",1.0000,"(2501) Potassium Chloride","2017-01-03 00:00:00","2019-08-23","4.67","(-) 38.51","4.66667"
"Oseltamivir Phosphate 6mg/mL Powder for Suspension","bottle, 60 ml Oseltamivir PO4 6mg/1mL, Powder for oral suspension","Zydus Pharmaceuticals (USA) Inc.","70710-1165-06","NDC",21386,15289,2155,"AB","Generic","aNDA","Rx","On",,"No","No","NA",,"Neuraminidase Inhibitor Antivirals (Oral)",60.0000,"(785) Oseltamivir Phosphate","2017-11-02 00:00:00","2019-08-23","70.17","(-) 29.99","1.16950"
"Apadaz 6.12mg-325mg Tablet","bottle, 100 each Benzhydrocodone 6.12mg, APAP 325mg, Oral tablet","KVK-Tech, Inc.","10702-0341-01","NDC",25761,21155,13415,"NR","Brand","NDA","Rx","On",,"No","No","schedule II",,"Opioid Agonists and Other Drug Combinations (Oral)",100.0000,"(5873) Benzhydrocodone; (12) Acetaminophen","2019-02-12 00:00:00","2019-08-23","26.00","(-) 63.96","0.26000"
"Acetaminophen 325mg Tablet","bottle, 50 each APAP 325mg, Oral tablet","Major Pharmaceuticals Inc, a Harvard Drug Group Company","00904-6719-50","NDC",128,120,75,"NA","Generic","OTC Tent","OTC","On",,"No","No","NA",,"Analgesics with and without Antipyretic Activity (Oral)",50.0000,"(12) Acetaminophen","2018-09-20 00:00:00","2019-08-26","0.77","(+) 8.45","0.01540"
"Albuterol Sulfate 2mg Tablet","bottle, 100 each Albuterol SO4 2mg, Oral tablet","Virtus Pharmaceuticals","69543-0290-10","NDC",1062,975,558,"AB","Generic","aNDA","Rx","On",,"No","No","NA",,"Oral Beta-2 Agonists (Oral)",100.0000,"(48) Albuterol Sulfate","2018-10-27 00:00:00","2019-08-23","99.00","(-) 73.67","0.99000"
"Albuterol Sulfate 4mg Tablet","bottle, 100 each Albuterol SO4 4mg, Oral tablet","Virtus Pharmaceuticals","69543-0291-10","NDC",1067,980,558,"AB","Generic","aNDA","Rx","On",,"No","No","NA",,"Oral Beta-2 Agonists (Oral)",100.0000,"(48) Albuterol Sulfate","2018-10-27 00:00:00","2019-08-23","99.00","(-) 73.67","0.99000"
"Diltiazem Hydrochloride 120mg Extended-Release Capsule","bottle, 90 each Diltiazem HCl 120mg, Oral capsule, extended release","Zydus Pharmaceuticals (USA) Inc.","68382-0595-16","NDC",48,42,33,"AB3","Generic","aNDA","Rx","On",,"No","No","NA",,"Anti-anginal Agents, other (Oral); Anti-arrhythmics, Class IV (Oral); Benzothiazepine Calcium Channel Blockers (Oral)",90.0000,"(1111) Diltiazem Hydrochloride","2018-11-05 00:00:00","2019-08-29","44.17","(-) 34.99","0.49077"
"Diltiazem Hydrochloride 180mg Extended-Release Capsule","bottle, 90 each Diltiazem HCl 180mg, Oral capsule, extended release","Zydus Pharmaceuticals (USA) Inc.","68382-0596-16","NDC",63,57,33,"AB3","Generic","aNDA","Rx","On",,"No","No","NA",,"Anti-anginal Agents, other (Oral); Anti-arrhythmics, Class IV (Oral); Benzothiazepine Calcium Channel Blockers (Oral)",90.0000,"(1111) Diltiazem Hydrochloride","2018-11-05 00:00:00","2019-08-29","49.52","(-) 34.99","0.55022"
"Diltiazem Hydrochloride 240mg Extended-Release Capsule","bottle, 90 each Diltiazem HCl 240mg, Oral capsule, extended release","Zydus Pharmaceuticals (USA) Inc.","68382-0597-16","NDC",49,43,33,"AB3","Generic","aNDA","Rx","On",,"No","No","NA",,"Anti-anginal Agents, other (Oral); Anti-arrhythmics, Class IV (Oral); Benzothiazepine Calcium Channel Blockers (Oral)",90.0000,"(1111) Diltiazem Hydrochloride","2018-11-05 00:00:00","2019-08-29","68.24","(-) 35.00","0.75822"
"Diltiazem Hydrochloride 300mg Extended-Release Capsule","bottle, 90 each Diltiazem HCl 300mg, Oral capsule, extended release","Zydus Pharmaceuticals (USA) Inc.","68382-0598-16","NDC",50,44,33,"AB3","Generic","aNDA","Rx","On",,"No","No","NA",,"Anti-anginal Agents, other (Oral); Anti-arrhythmics, Class IV (Oral); Benzothiazepine Calcium Channel Blockers (Oral)",90.0000,"(1111) Diltiazem Hydrochloride","2018-11-05 00:00:00","2019-08-29","92.38","(-) 35.00","1.02644"
"Diltiazem Hydrochloride 360mg Extended-Release Capsule","bottle, 90 each Diltiazem HCl 360mg, Oral capsule, extended release","Zydus Pharmaceuticals (USA) Inc.","68382-0599-16","NDC",431,407,33,"AB3","Generic","aNDA","Rx","On",,"No","No","NA",,"Anti-anginal Agents, other (Oral); Anti-arrhythmics, Class IV (Oral); Benzothiazepine Calcium Channel Blockers (Oral)",90.0000,"(1111) Diltiazem Hydrochloride","2018-11-05 00:00:00","2019-08-29","446.88","(-) 35.00","4.96533"
"Labetalol Hydrochloride 100mg Tablet","bottle, 100 each Labetalol HCl 100mg, Oral tablet","Alvogen, Inc.","47781-0552-01","NDC",957,874,34,"AB","Generic","NDA","Rx","On",,"No","No","NA",,"Beta-Blockers with Alpha Blockade (Oral)",100.0000,"(1638) Labetalol Hydrochloride","2018-11-19 00:00:00","2019-08-27","194.69","(+) 374.39","1.94690"
"Atorvastatin Calcium 10mg Tablet","bottle, 90 each Atorvastatin Ca 10mg, Oral tablet","Zydus Pharmaceuticals (USA) Inc.","68382-0249-16","NDC",1338,1219,710,"AB","Generic","aNDA","Rx","On",,"No","No","NA",,"HMG-CoA Reductase Inhibitors/Statins (Oral)",90.0000,"(186) Atorvastatin Calcium","2018-11-26 00:00:00","2019-08-29","13.34","(-) 30.01","0.14822"
"Atorvastatin Calcium 10mg Tablet","bottle, 1,000 each Atorvastatin Ca 10mg, Oral tablet","Zydus Pharmaceuticals (USA) Inc.","68382-0249-10","NDC",1338,1219,710,"AB","Generic","aNDA","Rx","On",,"No","No","NA",,"HMG-CoA Reductase Inhibitors/Statins (Oral)",1000.0000,"(186) Atorvastatin Calcium","2018-11-26 00:00:00","2019-08-29","148.25","(-) 29.99","0.14825"
"Atorvastatin Calcium 20mg Tablet","bottle, 90 each Atorvastatin Ca 20mg, Oral tablet","Zydus Pharmaceuticals (USA) Inc.","68382-0250-16","NDC",1339,1220,710,"AB","Generic","aNDA","Rx","On",,"No","No","NA",,"HMG-CoA Reductase Inhibitors/Statins (Oral)",90.0000,"(186) Atorvastatin Calcium","2018-11-26 00:00:00","2019-08-29","18.99","(-) 30.00","0.21100"
"Atorvastatin Calcium 20mg Tablet","bottle, 1,000 each Atorvastatin Ca 20mg, Oral tablet","Zydus Pharmaceuticals (USA) Inc.","68382-0250-10","NDC",1339,1220,710,"AB","Generic","aNDA","Rx","On",,"No","No","NA",,"HMG-CoA Reductase Inhibitors/Statins (Oral)",1000.0000,"(186) Atorvastatin Calcium","2018-11-26 00:00:00","2019-08-29","211.01","(-) 29.99","0.21101"
"Atorvastatin Calcium 40mg Tablet","bottle, 90 each Atorvastatin Ca 40mg, Oral tablet","Zydus Pharmaceuticals (USA) Inc.","68382-0251-16","NDC",1340,1221,710,"AB","Generic","aNDA","Rx","On",,"No","No","NA",,"HMG-CoA Reductase Inhibitors/Statins (Oral)",90.0000,"(186) Atorvastatin Calcium","2018-11-26 00:00:00","2019-08-29","21.03","(-) 22.48","0.23366"
"Atorvastatin Calcium 40mg Tablet","bottle, 1,000 each Atorvastatin Ca 40mg, Oral tablet","Zydus Pharmaceuticals (USA) Inc.","68382-0251-10","NDC",1340,1221,710,"AB","Generic","aNDA","Rx","On",,"No","No","NA",,"HMG-CoA Reductase Inhibitors/Statins (Oral)",1000.0000,"(186) Atorvastatin Calcium","2018-11-26 00:00:00","2019-08-29","233.67","(-) 22.48","0.23367"
"Diltiazem Hydrochloride 300mg Extended-Release Capsule","bottle, 500 each Diltiazem HCl 300mg, Oral capsule, extended release","Zydus Pharmaceuticals (USA) Inc.","68382-0598-05","NDC",50,44,33,"AB3","Generic","aNDA","Rx","On",,"No","No","NA",,"Anti-anginal Agents, other (Oral); Anti-arrhythmics, Class IV (Oral); Benzothiazepine Calcium Channel Blockers (Oral)",500.0000,"(1111) Diltiazem Hydrochloride","2018-12-26 00:00:00","2019-08-29","503.01","(-) 34.99","1.00602"
"Diltiazem Hydrochloride 120mg Extended-Release Capsule","bottle, 500 each Diltiazem HCl 120mg, Oral capsule, extended release","Zydus Pharmaceuticals (USA) Inc.","68382-0595-05","NDC",48,42,33,"AB3","Generic","aNDA","Rx","On",,"No","No","NA",,"Anti-anginal Agents, other (Oral); Anti-arrhythmics, Class IV (Oral); Benzothiazepine Calcium Channel Blockers (Oral)",500.0000,"(1111) Diltiazem Hydrochloride","2018-12-26 00:00:00","2019-08-29","240.38","(-) 34.99","0.48076"
"Diltiazem Hydrochloride 180mg Extended-Release Capsule","bottle, 500 each Diltiazem HCl 180mg, Oral capsule, extended release","Zydus Pharmaceuticals (USA) Inc.","68382-0596-05","NDC",63,57,33,"AB3","Generic","aNDA","Rx","On",,"No","No","NA",,"Anti-anginal Agents, other (Oral); Anti-arrhythmics, Class IV (Oral); Benzothiazepine Calcium Channel Blockers (Oral)",500.0000,"(1111) Diltiazem Hydrochloride","2018-12-26 00:00:00","2019-08-29","269.57","(-) 34.99","0.53914"
"Diltiazem Hydrochloride 240mg Extended-Release Capsule","bottle, 500 each Diltiazem HCl 240mg, Oral capsule, extended release","Zydus Pharmaceuticals (USA) Inc.","68382-0597-05","NDC",49,43,33,"AB3","Generic","aNDA","Rx","On",,"No","No","NA",,"Anti-anginal Agents, other (Oral); Anti-arrhythmics, Class IV (Oral); Benzothiazepine Calcium Channel Blockers (Oral)",500.0000,"(1111) Diltiazem Hydrochloride","2018-12-26 00:00:00","2019-08-29","368.06","(-) 34.99","0.73612"
"Ampicillin/Sulbactam 1.5g Powder for Injection","box, 10 vials, 1 each Ampicillin Sod 1g, Sulbactam Sod 0.5g, Powder for solution for injection","Meitheal Pharmaceuticals, Inc.","71288-0005-20","NDC",5797,4404,3160,"AP","Generic","aNDA","Rx","On",,"No","No","NA",,"Penicillin and Beta-Lactamase Inhibitor Combination Antibiotics (Intramuscular); Penicillin and Beta-Lactamase Inhibitor Combination Antibiotics (Intravenous)",10.0000,"(126) Ampicillin Sodium; (1732) Sulbactam Sodium","2019-01-07 00:00:00","2019-08-23","51.30","(+) 29.54","5.13000"
"Ampicillin/Sulbactam 3g Powder for Injection","box, 10 vials, 1 each Ampicillin Sod 2g, Sulbactam Sod 1g, Powder for solution for injection","Meitheal Pharmaceuticals, Inc.","71288-0006-30","NDC",5801,4407,3160,"AP","Generic","aNDA","Rx","On",,"No","No","NA",,"Penicillin and Beta-Lactamase Inhibitor Combination Antibiotics (Intramuscular); Penicillin and Beta-Lactamase Inhibitor Combination Antibiotics (Intravenous)",10.0000,"(126) Ampicillin Sodium; (1732) Sulbactam Sodium","2019-01-07 00:00:00","2019-08-23","81.70","(+) 29.68","8.17000"
"Ampicillin/Sulbactam 15g Bulk Powder for Injection","box, 1 bottles, 1 each Ampicillin Sod 10g, Sulbactam Sod 5g, Powder for solution for injection","Meitheal Pharmaceuticals, Inc.","71288-0007-75","NDC",5800,4406,3160,"AP","Generic","aNDA","Rx","On",,"No","No","NA",,"Penicillin and Beta-Lactamase Inhibitor Combination Antibiotics (Intravenous)",1.0000,"(126) Ampicillin Sodium; (1732) Sulbactam Sodium","2019-01-07 00:00:00","2019-08-23","55.50","(+) 5.37","55.50000"
"Apadaz 4.08mg-325mg Tablet","bottle, 100 each Benzhydrocodone 4.08mg, APAP 325mg, Oral tablet","KVK-Tech, Inc.","10702-0340-01","NDC",26557,21535,13415,"NR","Brand","NDA","Rx","On",,"No","No","schedule II",,"Opioid Agonists and Other Drug Combinations (Oral)",100.0000,"(5873) Benzhydrocodone; (12) Acetaminophen","2019-02-12 00:00:00","2019-08-23","24.00","(-) 62.85","0.24000"
"Apadaz 8.16mg-325mg Tablet","bottle, 100 each Benzhydrocodone 8.16mg, APAP 325mg, Oral tablet","KVK-Tech, Inc.","10702-0342-01","NDC",26558,21536,13415,"NR","Brand","NDA","Rx","On",,"No","No","schedule II",,"Opioid Agonists and Other Drug Combinations (Oral)",100.0000,"(5873) Benzhydrocodone; (12) Acetaminophen","2019-02-12 00:00:00","2019-08-23","28.00","(-) 61.02","0.28000"
"Benzhydrocodone and Acetaminophen 4.08mg-325mg Tablet","bottle, 100 each Benzhydrocodone 4.08mg, APAP 325mg, Oral tablet","KVK-Tech, Inc.","10702-0343-01","NDC",26557,21535,13415,"NR","Generic","AG","Rx","On",,"No","No","schedule II",,"Opioid Agonists and Other Drug Combinations (Oral)",100.0000,"(5873) Benzhydrocodone; (12) Acetaminophen","2019-02-20 00:00:00","2019-08-23","24.00","(-) 25.71","0.24000"
"Benzhydrocodone and Acetaminophen 8.16mg-325mg Tablet","bottle, 100 each Benzhydrocodone 8.16mg, APAP 325mg, Oral tablet","KVK-Tech, Inc.","10702-0345-01","NDC",26558,21536,13415,"NR","Generic","AG","Rx","On",,"No","No","schedule II",,"Opioid Agonists and Other Drug Combinations (Oral)",100.0000,"(5873) Benzhydrocodone; (12) Acetaminophen","2019-02-20 00:00:00","2019-08-23","28.00","(-) 22.04","0.28000"
"Benzhydrocodone and Acetaminophen 6.12mg-325mg Tablet","bottle, 100 each Benzhydrocodone 6.12mg, APAP 325mg, Oral tablet","KVK-Tech, Inc.","10702-0344-01","NDC",25761,21155,13415,"NR","Generic","aNDA","Rx","On",,"No","No","schedule II",,"Opioid Agonists and Other Drug Combinations (Oral)",100.0000,"(5873) Benzhydrocodone; (12) Acetaminophen","2019-02-20 00:00:00","2019-08-23","26.00","(-) 27.93","0.26000"
"Divalproex Sodium 250mg Delayed-Release Tablet","box, 10 unit dose blister card, 10 each Divalproex Sod 250mg, Oral tablet, gastro-resistant","Major Pharmaceuticals Inc, a Harvard Drug Group Company","00904-6860-61","NDC",2865,2370,1525,"AB","Generic","aNDA","Rx","On",,"No","No","NA",,"Other Anti-migraine Agents (Oral); Mood Stabilizers (Oral); Anticonvulsants, Valproic Acid and derivatives (Oral)",100.0000,"(536) Divalproex Sodium","2019-08-26 00:00:00","2019-08-26","19.91",,"0.19910"
"Benztropine Mesylate 0.5mg Tablet","box, 10 unit dose blister card, 10 each Benztropine Mesylate 0.5mg, Oral tablet","Major Pharmaceuticals Inc, a Harvard Drug Group Company","00904-6788-61","NDC",694,633,383,"AA","Generic","aNDA","Rx","On",,"No","No","NA",,"Anti-Parkinson Agents, Anticholinergic (Oral)",100.0000,"(246) Benztropine Mesylate","2019-08-26 00:00:00","2019-08-26","44.24",,"0.44240"
"Ursodiol 250mg Tablet","box, 3 unit dose blister packs, 10 each Ursodiol 250mg, Oral tablet","Major Pharmaceuticals Inc, a Harvard Drug Group Company","00904-6890-04","NDC",2947,2429,1581,"AB","Generic","aNDA","Rx","On",,"No","No","NA",,"Bile Acid Agents (Oral)",30.0000,"(1546) Ursodiol","2019-08-26 00:00:00","2019-08-26","98.78",,"3.29267"
"Benztropine Mesylate 2mg Tablet","box, 10 unit dose blister card, 10 each Benztropine Mesylate 2mg, Oral tablet","Major Pharmaceuticals Inc, a Harvard Drug Group Company","00904-6789-61","NDC",698,637,383,"AA","Generic","aNDA","Rx","On",,"No","No","NA",,"Anti-Parkinson Agents, Anticholinergic (Oral)",100.0000,"(246) Benztropine Mesylate","2019-08-26 00:00:00","2019-08-26","58.33",,"0.58330"
"Tenofovir Disoproxil Fumarate 300mg Tablet","box, 3 unit dose blister card, 10 each Tenofovir Disoproxil Fumarate 300mg, Oral tablet","Major Pharmaceuticals Inc, a Harvard Drug Group Company","00904-6821-04","NDC",12076,9673,6449,"AB","Generic","aNDA","Rx","On",,"No","No","NA",,"Nucleoside and Nucleotide Reverse Transcriptase Inhibitors (NRTI)s (Oral); Nucleoside and Nucleotide Analog Antivirals for Hepatitis B (Oral)",30.0000,"(2566) Tenofovir Disoproxil Fumarate","2019-08-26 00:00:00","2019-08-26","141.47",,"4.71567"
"Daptomycin 350mg Powder for Injection","vial, 1 each Daptomycin 350mg, Lyophilisate for solution for injection","Fresenius Kabi USA, LLC","63323-0585-15","NDC",26015,21287,4566,"NR","Generic","NDA","Rx","On",,"No","No","NA",,"Lipopeptide Antibiotics (Intravenous)",1.0000,"(988) Daptomycin","2019-08-26 00:00:00","2019-08-26","278.00",,"278.00000"
"Accu-Chek Guide Test Strip","box 50 each Glucose Meter Test Strips","Roche Diagnostics Corporation","65702-0719-10","NDC",12975,,,"NA","Brand","510(k)","OTC","On",,"No","No","NA",,"",50.0000,"","2019-08-28 00:00:00","2019-08-28","20.00",,"0.40000"
"Bupropion Hydrochloride 150mg Extended-Release (SR) Tablet","bottle, 60 each Bupropion HCl 150mg, Oral tablet, extended release 12 hour","Dr. Reddy's Laboratories, Inc.","43598-0863-60","NDC",515,482,282,"AB2","Generic","aNDA","Rx","On",,"No","No","NA",,"Antismoking Agents (Oral)",60.0000,"(318) Bupropion Hydrochloride","2019-08-22 00:00:00","2019-08-22","21.60",,"0.36000"
"Spironolactone 100mg Tablet","box, 8 unit dose blister card, 10 each Spironolactone 100mg, Oral tablet","Mylan Institutional LLC","51079-0980-08","NDC",395,372,220,"AB","Generic","aNDA","Rx","On",,"No","No","NA",,"Aldosterone Antagonists (Oral)",80.0000,"(1700) Spironolactone","2019-08-23 00:00:00","2019-08-23","85.10",,"1.06375"
"Spironolactone 100mg Tablet","unit dose blister card, 1 each Spironolactone 100mg, Oral tablet","Mylan Institutional LLC","51079-0980-01","NDC",395,372,220,"AB","Generic","aNDA","Rx","On",,"No","No","NA",,"Aldosterone Antagonists (Oral)",1.0000,"(1700) Spironolactone","2019-08-23 00:00:00","2019-08-23","1.06",,"1.06375"
"Fulvestrant 250mg/5mL Pre-Filled Syringe Solution for Injection","box, 2 pre-filled syringe with needle, 5 ml Fulvestrant 50mg/1mL, Solution for injection and 2 each Safety Needle","Teva/Actavis US","00591-5019-02","NDC",13797,6460,4636,"NR","Generic","NDA","Rx","On",,"No","No","NA",,"Cytostatic Anti-estrogens (Intramuscular)",10.0000,"(1399) Fulvestrant","2019-08-22 00:00:00","2019-08-22","1675.35",,"167.53500"
"Fulvestrant 250mg/5mL Prefilled Syringe Solution for Injection","box, 2 pre-filled syringe with needle, 5 ml Fulvestrant 50mg/1mL, Solution for injection and 2 each Safety Needle","Sagent Pharmaceuticals","25021-0462-74","NDC",13797,6460,4636,"AO","Generic","aNDA","Rx","On",,"No","No","NA",,"Cytostatic Anti-estrogens (Intramuscular)",10.0000,"(1399) Fulvestrant","2019-08-22 00:00:00","2019-08-22","1939.05",,"193.90500"
"Azithromycin 250mg Tablet (6ct Blister Card)","box, 1 single item blister cards, 6 each Azithromycin 250mg, Oral tablet","Sandoz Inc. a Novartis Company","00781-8089-26","NDC",619,566,344,"AB","Generic","aNDA","Rx","On",,"No","No","NA",,"Macrolide Antibiotics (Oral)",6.0000,"(205) Azithromycin","2019-08-23 00:00:00","2019-08-23","13.00",,"2.16667"
"Flurandrenolide 0.05% Topical Ointment","tube, 60 grams Flurandrenolide 0.05%, Topical ointment","Mayne Pharma","51862-0158-60","NDC",1190,1091,629,"AT","Generic","aNDA","Rx","On",,"No","No","NA",,"Plain Topical Corticosteroids (Topical)",60.0000,"(735) Flurandrenolide","2019-08-23 00:00:00","2019-08-23","605.13",,"10.08550"
"Hydrocortisone Butyrate 0.1% Topical Lotion","bottle, 118 ml Hydrocortisone Butyrate 0.1%, Topical lotion","Mayne Pharma","51862-0159-04","NDC",15684,12819,8151,"AB","Generic","aNDA","Rx","On",,"No","No","NA",,"Plain Topical Corticosteroids (Topical)",118.0000,"(1572) Hydrocortisone Butyrate","2019-08-23 00:00:00","2019-08-23","454.65",,"3.85297"
"Eptifibatide 75mg/100mL Solution for Injection","box, 1 vials, 100 ml Eptifibatide 0.75mg/1mL, Solution for injection","Slate Run Pharmaceuticals, LLC","70436-0027-80","NDC",5840,4443,3175,"AP","Generic","aNDA","Rx","On",,"No","No","NA",,"GP IIb/IIIa (glycoprotein) Antagonist Platelet Aggregation Inhibitors (Intravenous)",100.0000,"(1253) Eptifibatide","2019-08-26 00:00:00","2019-08-26","281.98",,"2.81980"
"Geodon 20mg Capsule","bottle, 60 each Ziprasidone HCl 20mg, Oral capsule","Pfizer Inc.","00049-0052-60","NDC",12958,10518,6894,"AB","Brand","NDA","Rx","On",,"No","No","NA",,"Serotonin-Dopamine Antagonist (SDA) Antipsychotics (Oral)",60.0000,"(2666) Ziprasidone Hydrochloride","2019-08-23 00:00:00","2019-08-23","1154.06",,"19.23433"
"Eptifibatide 20mg/10mL Solution for Injection","box, 1 vials, 10 ml Eptifibatide 2mg/1mL, Solution for injection","Slate Run Pharmaceuticals, LLC","70436-0026-80","NDC",5841,4444,3175,"AP","Generic","aNDA","Rx","On",,"No","No","NA",,"GP IIb/IIIa (glycoprotein) Antagonist Platelet Aggregation Inhibitors (Intravenous)",10.0000,"(1253) Eptifibatide","2019-08-26 00:00:00","2019-08-26","93.99",,"9.39900"
"Furosemide 20mg/2mL Solution for Injection","box, 25 vials, 2 ml Furosemide 10mg/1mL, Solution for injection","Wockhardt USA, LLC","64679-0759-01","NDC",3817,3059,2067,"AP","Generic","aNDA","Rx","On",,"No","No","NA",,"Loop Diuretics (Intramuscular); Loop Diuretics (Intravenous)",50.0000,"(1402) Furosemide","2019-08-26 00:00:00","2019-08-26","55.00",,"1.10000"
"Hydroxyprogesterone Caproate 250mg/mL Solution for Injection","box, 1 vials, 1 ml Hydroxyprogesterone Caproate 250mg/1mL, Solution for injection","Mylan Institutional LLC ","67457-0967-01","NDC",10797,8446,5821,"AP","Generic","aNDA","Rx","On",,"No","No","NA",,"Progestogens (Intramuscular)",1.0000,"(1597) Hydroxyprogesterone Caproate","2019-08-23 00:00:00","2019-08-23","682.55",,"682.55000"
"Myxredlin 100units/100mL Solution for Injection","container, 100 ml Insulin Regular (Recomb) 1U/1mL, Sodium Cl 0.9%, Solution for injection","Baxter Healthcare Clintec Nutrition Division","00338-0126-12","NDC",27379,21742,13713,"NR","Brand","NDA","Rx","On",,"No","No","NA",,"Short-acting Human Insulins and Analogs (Intravenous)",100.0000,"(1316) Insulin Regular (Recombinant); (2096) Sodium Chloride","2019-08-23 00:00:00","2019-08-23","35.00",,"0.35000"
"Triamterene 100mg Capsule","bottle, 100 each Triamterene 100mg, Oral capsule","Prasco Laboratories","66993-0832-02","NDC",6300,4762,3418,"AB","Generic","AG","Rx","On",,"No","No","NA",,"Other Potassium-Sparing Diuretics (Oral)",100.0000,"(2247) Triamterene","2019-08-23 00:00:00","2019-08-23","954.08",,"9.54080"
"Triamterene 50mg Capsule","bottle, 100 each Triamterene 50mg, Oral capsule","Prasco Laboratories","66993-0831-02","NDC",6301,4763,3418,"AB","Generic","AG","Rx","On",,"No","No","NA",,"Other Potassium-Sparing Diuretics (Oral)",100.0000,"(2247) Triamterene","2019-08-23 00:00:00","2019-08-23","954.08",,"9.54080"
"Furosemide 40mg/4mL Solution for Injection","box, 25 vials, 4 ml Furosemide 10mg/1mL, Solution for injection","Wockhardt USA, LLC","64679-0759-02","NDC",3817,3059,2067,"AP","Generic","aNDA","Rx","On",,"No","No","NA",,"Loop Diuretics (Intramuscular); Loop Diuretics (Intravenous)",100.0000,"(1402) Furosemide","2019-08-26 00:00:00","2019-08-26","72.50",,"0.72500"
"Furosemide 40mg/4mL Solution for Injection","vial, 4 ml Furosemide 10mg/1mL, Solution for injection","Wockhardt USA, LLC","64679-0759-11","NDC",3817,3059,2067,"AP","Generic","aNDA","Rx","On",,"No","No","NA",,"Loop Diuretics (Intramuscular); Loop Diuretics (Intravenous)",4.0000,"(1402) Furosemide","2019-08-26 00:00:00","2019-08-26","2.90",,"0.72500"
"Furosemide 100mg/10mL Solution for Injection","box, 25 vials, 10 ml Furosemide 10mg/1mL, Solution for injection","Wockhardt USA, LLC","64679-0759-03","NDC",3817,3059,2067,"AP","Generic","aNDA","Rx","On",,"No","No","NA",,"Loop Diuretics (Intramuscular); Loop Diuretics (Intravenous)",250.0000,"(1402) Furosemide","2019-08-26 00:00:00","2019-08-26","81.25",,"0.32500"
"Furosemide 100mg/10mL Solution for Injection","vial, 10 ml Furosemide 10mg/1mL, Solution for injection","Wockhardt USA, LLC","64679-0759-12","NDC",3817,3059,2067,"AP","Generic","aNDA","Rx","On",,"No","No","NA",,"Loop Diuretics (Intramuscular); Loop Diuretics (Intravenous)",10.0000,"(1402) Furosemide","2019-08-26 00:00:00","2019-08-26","3.25",,"0.32500"
"Furosemide 20mg/2mL Solution for Injection","vial, 2 ml Furosemide 10mg/1mL, Solution for injection","Wockhardt USA, LLC","64679-0759-10","NDC",3817,3059,2067,"AP","Generic","aNDA","Rx","On",,"No","No","NA",,"Loop Diuretics (Intramuscular); Loop Diuretics (Intravenous)",2.0000,"(1402) Furosemide","2019-08-26 00:00:00","2019-08-26","2.20",,"1.10000"
"Morphine Sulfate 15mg Tablet","bottle, 100 each Morphine SO4 15mg, Oral tablet","Upsher-Smith Laboratories, LLC","00832-0273-11","NDC",2622,2175,1386,"AB","Generic","aNDA","Rx","On",,"No","No","schedule II",,"Opioid Agonists (Oral)",100.0000,"(1987) Morphine Sulfate","2019-08-29 00:00:00","2019-08-29","41.05",,"0.41050"
"Morphine Sulfate 30mg Tablet","bottle, 100 each Morphine SO4 30mg, Oral tablet","Upsher-Smith Laboratories, LLC","00832-0274-11","NDC",2625,2178,1386,"AB","Generic","aNDA","Rx","On",,"No","No","schedule II",,"Opioid Agonists (Oral)",100.0000,"(1987) Morphine Sulfate","2019-08-29 00:00:00","2019-08-29","69.85",,"0.69850"
"Ibuprofen 200mg Tablet","bottle, 100 each Ibuprofen 200mg, Oral tablet","Major Pharmaceuticals Inc, a Harvard Drug Group Company","00904-6747-59","NDC",149,140,89,"NR","Generic","aNDA","OTC","On",,"No","No","NA",,"Nonsteroidal Antiinflammatory Drugs/NSAIDs (Oral)",100.0000,"(1611) Ibuprofen","2019-08-26 00:00:00","2019-08-26","2.08",,"0.02080"
"CellPad Medical Grade Silicone Gel Matrix (Large)","box, 2 packages, 1 each Silicone, Medicated topical patch","National Bio Green Sciences, LLC","72678-0005-01","NDC",9053,6827,4905,"NA","Brand","510(k)","Rx","On",,"No","No","NA",,"Other Dermatological Agents (Topical)",2.0000,"(3172) Silicone","2019-08-28 00:00:00","2019-08-28","2199.00",,"1099.50000"
"Labetalol Hydrochloride 100mg Tablet","bottle, 500 each Labetalol HCl 100mg, Oral tablet","Alvogen, Inc.","47781-0552-05","NDC",957,874,34,"AB","Generic","NDA","Rx","On",,"No","No","NA",,"Beta-Blockers with Alpha Blockade (Oral)",500.0000,"(1638) Labetalol Hydrochloride","2019-08-26 00:00:00","2019-08-27","194.69",,"0.38938"
"Tretinoin Microsphere 0.04% Topical Gel","tube, 20 grams Tretinoin 0.04%, Topical gel, polymeric porous microspheres","Mylan Pharmaceuticals Inc.","00378-8092-20","NDC",22013,18635,11882,"AB","Generic","AG","Rx","On",,"No","No","NA",,"Topical Retinoids for use for Acne (Topical)",20.0000,"(2240) Tretinoin","2019-08-26 00:00:00","2019-08-26","250.03",,"12.50150"
"Tretinoin Microsphere 0.04% Topical Gel","tube, 45 grams Tretinoin 0.04%, Topical gel, polymeric porous microspheres","Mylan Pharmaceuticals Inc.","00378-8092-45","NDC",22013,18635,11882,"AB","Generic","AG","Rx","On",,"No","No","NA",,"Topical Retinoids for use for Acne (Topical)",45.0000,"(2240) Tretinoin","2019-08-26 00:00:00","2019-08-26","451.74",,"10.03867"
"VITRAKVI 20mg/mL Solution","bottle, 100 ml Larotrectinib 20mg/1mL, Oral solution","Bayer HealthCare Pharmaceuticals","50419-0392-01","NDC",26366,21458,13578,"NR","Brand","NDA","Rx","On",,"No","No","NA",,"Small Molecule Antineoplastic Tropomyosin Receptor Kinase (TRK) Inhibitors (Oral)",100.0000,"(5976) Larotrectinib","2019-08-26 00:00:00","2019-08-26","14577.78",,"145.77780"
"VITRAKVI 25mg Capsule","bottle, 60 each Larotrectinib 25mg, Oral capsule","Bayer HealthCare Pharmaceuticals","50419-0390-01","NDC",26365,21457,13577,"NR","Brand","NDA","Rx","On",,"No","No","NA",,"Small Molecule Antineoplastic Tropomyosin Receptor Kinase (TRK) Inhibitors (Oral)",60.0000,"(5976) Larotrectinib","2019-08-26 00:00:00","2019-08-26","10933.33",,"182.22217"
"VITRAKVI 100mg Capsule","bottle, 60 each Larotrectinib 100mg, Oral capsule","Bayer HealthCare Pharmaceuticals","50419-0391-01","NDC",26368,21459,13577,"NR","Brand","NDA","Rx","On",,"No","No","NA",,"Small Molecule Antineoplastic Tropomyosin Receptor Kinase (TRK) Inhibitors (Oral)",60.0000,"(5976) Larotrectinib","2019-08-26 00:00:00","2019-08-26","32800.00",,"546.66667"
"Minocycline Hydrochloride 55mg Extended-Release Tablet","bottle, 30 each Minocycline HCl 55mg, Oral tablet, extended release","Aurobindo Pharma USA Inc.","65862-0883-30","NDC",17905,14788,6932,"AB","Generic","aNDA","Rx","On",,"No","No","NA",,"Oral Anti-Acne Non-Retinoids (Oral); Natural and Semi-Synthetic Tetracycline Antibiotics (Oral)",30.0000,"(1967) Minocycline Hydrochloride","2019-08-27 00:00:00","2019-08-27","657.58",,"21.91933"
"Methylphenidate Hydrochloride  2.5mg Chewable Tablet","bottle, 100 each Methylphenidate HCl 2.5mg, Chewable tablet","Rising Pharmaceuticals Inc","64980-0221-01","NDC",4276,3352,2292,"AB","Generic","aNDA","Rx","On",,"No","No","schedule II",,"Psychostimulants, Methylphenidate Derivatives (Oral)",100.0000,"(1369) Methylphenidate Hydrochloride","2019-08-27 00:00:00","2019-08-27","150.00",,"1.50000"
"Methylphenidate Hydrochloride 5mg Chewable Tablet","bottle, 100 each Methylphenidate HCl 5mg, Chewable tablet","Rising Pharmaceuticals Inc","64980-0222-01","NDC",11575,9204,2292,"AB","Generic","aNDA","Rx","On",,"No","No","schedule II",,"Psychostimulants, Methylphenidate Derivatives (Oral)",100.0000,"(1369) Methylphenidate Hydrochloride","2019-08-27 00:00:00","2019-08-27","225.00",,"2.25000"
"Methylphenidate Hydrochloride 10mg Chewable Tablet","bottle, 100 each Methylphenidate HCl 10mg, Chewable tablet","Rising Pharmaceuticals Inc","64980-0223-01","NDC",11574,9203,2292,"AB","Generic","aNDA","Rx","On",,"No","No","schedule II",,"Psychostimulants, Methylphenidate Derivatives (Oral)",100.0000,"(1369) Methylphenidate Hydrochloride","2019-08-27 00:00:00","2019-08-27","300.00",,"3.00000"
"Memantine Hydrochloride 10mg/5mL Solution","tray, 10 unit dose cups, 5 ml Memantine 10mg/5mL, Oral solution","Pharmaceutical Associates Inc Div Beach Products","00121-0850-40","NDC",9540,7228,5174,"AA","Generic","aNDA","Rx","On",,"No","No","NA",,"Anti-AlzheimerAgents, NMDA Receptor Antagonists (Oral)",50.0000,"(1929) Memantine","2019-08-27 00:00:00","2019-08-27","72.87",,"1.45740"
"Memantine Hydrochloride 10mg/5mL Solution","unit dose cup, 5 ml Memantine 10mg/5mL, Oral solution","Pharmaceutical Associates Inc Div Beach Products","00121-0850-05","NDC",9540,7228,5174,"AA","Generic","aNDA","Rx","On",,"No","No","NA",,"Anti-AlzheimerAgents, NMDA Receptor Antagonists (Oral)",5.0000,"(1929) Memantine","2019-08-27 00:00:00","2019-08-27","7.29",,"1.45740"
"Mesalamine 400mg Delayed-Release Capsule","bottle, 180 each Mesalamine 400mg, Oral capsule, gastro-resistant","AvKARE, Inc.","42291-0563-18","NDC",20610,17314,11012,"AB","Generic","aNDA","Rx","On",,"No","No","NA",,"Aminosalicyclic Acid and Related Intestinal Antiinflammatory Agents (Oral)",180.0000,"(1949) Mesalamine","2019-08-27 00:00:00","2019-08-27","375.54",,"2.08633"
"TRINAZ Tablet","bottle 30 each Dietary Item","Foxland Pharmaceuticals, Inc.","69067-0225-30","NDC",27384,,,"NA","Generic","Dietary Supp","Rx","On",,"No","No","NA",,"",30.0000,"","2019-08-28 00:00:00","2019-08-28","1565.00",,"52.16667"
"Potassium Chloride 10mEq in Sterile Water Solution for Injection","container, 100 ml Potassium Cl 10mEq/100mL, Solution for injection","ICU Medical, Inc.","00990-7074-26","NDC",14867,12126,2638,"AP","Generic","NDA","Rx","On",,"No","No","NA",,"Potassium Supplements (Intravenous)",100.0000,"(2501) Potassium Chloride","2019-08-29 00:00:00","2019-08-29","4.87",,"0.04870"
"Daptomycin 500mg Powder for Injection","vial, 1 each Daptomycin 500mg, Lyophilisate for solution for injection","Northstar Rx LLC","16714-0892-01","NDC",8449,6363,4566,"AP","Generic","aNDA","Rx","On",,"No","No","NA",,"Lipopeptide Antibiotics (Intravenous)",1.0000,"(988) Daptomycin","2019-08-28 00:00:00","2019-08-28","409.80",,"409.80000"
"Atenolol/Chlorthalidone 50mg-25mg Tablet","bottle, 100 each Atenolol 50mg, Chlorthalidone 25mg, Oral tablet","Northstar Rx LLC","16714-0936-01","NDC",1199,1097,634,"AB","Generic","aNDA","Rx","On",,"No","No","NA",,"Beta-Blocking Agent and Diuretic Combinations (Oral)",100.0000,"(183) Atenolol; (828) Chlorthalidone","2019-08-28 00:00:00","2019-08-28","56.33",,"0.56330"
"Atenolol/Chlorthalidone 100mg-25mg Tablet","bottle, 100 each Atenolol 100mg, Chlorthalidone 25mg, Oral tablet","Northstar Rx LLC","16714-0937-01","NDC",1198,1096,634,"AB","Generic","aNDA","Rx","On",,"No","No","NA",,"Beta-Blocking Agent and Diuretic Combinations (Oral)",100.0000,"(183) Atenolol; (828) Chlorthalidone","2019-08-28 00:00:00","2019-08-28","81.77",,"0.81770"
"Prestalia 3.5mg-2.5mg Tablet","bottle, 90 each Perindopril arginine 3.5mg, Amlodipine Besylate 2.5mg, Oral tablet","Adhera Therapeutics, Inc.","72931-0010-02","NDC",22428,19007,12112,"NR","Brand","NDA","Rx","On",,"No","No","NA",,"Angiotensin Converting Enzyme Inhibitor/ACEIs and Calcium Channel Blocker Combinations (Oral)",90.0000,"(5398) Perindopril arginine; (110) Amlodipine Besylate","2019-08-29 00:00:00","2019-08-29","511.00",,"5.67778"
"Prestalia 7mg-5mg Tablet","bottle, 90 each Perindopril arginine 7mg, Amlodipine Besylate 5mg, Oral tablet","Adhera Therapeutics, Inc.","72931-0011-02","NDC",23024,19566,12112,"NR","Brand","NDA","Rx","On",,"No","No","NA",,"Angiotensin Converting Enzyme Inhibitor/ACEIs and Calcium Channel Blocker Combinations (Oral)",90.0000,"(5398) Perindopril arginine; (110) Amlodipine Besylate","2019-08-29 00:00:00","2019-08-29","511.00",,"5.67778"
"Prestalia 14mg-10mg Tablet","bottle, 90 each Perindopril arginine 14mg, Amlodipine Besylate 10mg, Oral tablet","Adhera Therapeutics, Inc.","72931-0012-02","NDC",23025,19567,12112,"NR","Brand","NDA","Rx","On",,"No","No","NA",,"Angiotensin Converting Enzyme Inhibitor/ACEIs and Calcium Channel Blocker Combinations (Oral)",90.0000,"(5398) Perindopril arginine; (110) Amlodipine Besylate","2019-08-29 00:00:00","2019-08-29","511.00",,"5.67778"
